,Date_Recorded,Date_Recorded
,min,max
State,,
Alabama,2020-03-11,2020-04-10
Alaska,2020-03-10,2020-04-10
Arizona,2020-01-26,2020-04-10
Arkansas,2020-03-10,2020-04-10
California,2020-01-26,2020-04-10
Colorado,2020-03-10,2020-04-10
Connecticut,2020-03-10,2020-04-10
Delaware,2020-03-10,2020-04-10
District of Columbia,2020-03-10,2020-04-10
Florida,2020-03-10,2020-04-10
Georgia,2020-03-10,2020-04-10
Hawaii,2020-03-10,2020-04-10
Idaho,2020-03-10,2020-04-10
Illinois,2020-01-25,2020-04-10
Indiana,2020-03-10,2020-04-10
Iowa,2020-03-10,2020-04-10
Kansas,2020-03-10,2020-04-10
Kentucky,2020-03-10,2020-04-10
Louisiana,2020-03-10,2020-04-10
Maine,2020-03-10,2020-04-10
Maryland,2020-03-10,2020-04-10
Massachusetts,2020-03-10,2020-04-10
Michigan,2020-03-10,2020-04-10
Minnesota,2020-03-10,2020-04-10
Mississippi,2020-03-10,2020-04-10
Missouri,2020-03-10,2020-04-10
Montana,2020-03-10,2020-04-10
Nebraska,2020-03-10,2020-04-10
Nevada,2020-03-10,2020-04-10
New Hampshire,2020-03-10,2020-04-10
New Jersey,2020-03-10,2020-04-10
New Mexico,2020-03-10,2020-04-10
New York,2020-03-10,2020-04-10
North Carolina,2020-03-10,2020-04-10
North Dakota,2020-03-10,2020-04-10
Ohio,2020-03-10,2020-04-10
Oklahoma,2020-03-10,2020-04-10
Oregon,2020-03-10,2020-04-10
Pennsylvania,2020-03-10,2020-04-10
Rhode Island,2020-03-10,2020-04-10
South Carolina,2020-03-10,2020-04-10
South Dakota,2020-03-10,2020-04-10
Tennessee,2020-03-10,2020-04-10
Texas,2020-03-10,2020-04-10
Utah,2020-03-10,2020-04-10
Vermont,2020-03-10,2020-04-10
Virginia,2020-03-10,2020-04-10
Washington,2020-01-22,2020-04-10
West Virginia,2020-03-10,2020-04-10
Wisconsin,2020-03-10,2020-04-10
Wyoming,2020-03-10,2020-04-10
