,State,Date_Recorded,First_Case_Date,NumberOfDays,Confirmed_Cases_Count,Death_Count,Recovered_Cases_Count,Confirmation_Rate,Deaths_Rate,Recovered_Rate
43,MD,2020-03-10,2020-03-10,0.0,8.0,0.0,0.0,0.0,0.0,0.0
80,MD,2020-03-11,2020-03-10,1.0,18.0,0.0,0.0,18.0,0.0,0.0
129,MD,2020-03-12,2020-03-10,2.0,18.0,0.0,0.0,9.0,0.0,0.0
167,MD,2020-03-14,2020-03-10,4.0,26.0,0.0,0.0,6.5,0.0,0.0
209,MD,2020-03-15,2020-03-10,5.0,32.0,0.0,0.0,6.4,0.0,0.0
246,MD,2020-03-16,2020-03-10,6.0,41.0,0.0,3.0,6.833333333333333,0.0,0.5
290,MD,2020-03-17,2020-03-10,7.0,60.0,0.0,3.0,8.571428571428571,0.0,0.42857142857142855
338,MD,2020-03-18,2020-03-10,8.0,85.0,0.0,3.0,10.625,0.0,0.375
380,MD,2020-03-19,2020-03-10,9.0,107.0,1.0,3.0,11.88888888888889,0.1111111111111111,0.3333333333333333
429,MD,2020-03-20,2020-03-10,10.0,149.0,1.0,3.0,14.9,0.1,0.3
479,MD,2020-03-21,2020-03-10,11.0,193.0,2.0,3.0,17.545454545454547,0.18181818181818182,0.2727272727272727
527,MD,2020-03-22,2020-03-10,12.0,193.0,2.0,3.0,16.083333333333332,0.16666666666666666,0.25
578,MD,2020-03-23,2020-03-10,13.0,193.0,2.0,3.0,14.846153846153847,0.15384615384615385,0.23076923076923078
629,MD,2020-03-24,2020-03-10,14.0,193.0,2.0,3.0,13.785714285714286,0.14285714285714285,0.21428571428571427
680,MD,2020-03-25,2020-03-10,15.0,193.0,2.0,3.0,12.866666666666667,0.13333333333333333,0.2
731,MD,2020-03-26,2020-03-10,16.0,193.0,2.0,3.0,12.0625,0.125,0.1875
782,MD,2020-03-27,2020-03-10,17.0,208.0,2.0,3.0,12.235294117647058,0.11764705882352941,0.17647058823529413
833,MD,2020-03-28,2020-03-10,18.0,255.0,2.0,3.0,14.166666666666666,0.1111111111111111,0.16666666666666666
884,MD,2020-03-29,2020-03-10,19.0,301.0,3.0,3.0,15.842105263157896,0.15789473684210525,0.15789473684210525
935,MD,2020-03-30,2020-03-10,20.0,341.0,6.0,3.0,17.05,0.3,0.15
986,MD,2020-03-31,2020-03-10,21.0,388.0,7.0,3.0,18.476190476190474,0.3333333333333333,0.14285714285714285
1037,MD,2020-04-01,2020-03-10,22.0,447.0,12.0,3.0,20.318181818181817,0.5454545454545454,0.13636363636363635
1088,MD,2020-04-02,2020-03-10,23.0,498.0,12.0,3.0,21.652173913043477,0.5217391304347826,0.13043478260869565
1139,MD,2020-04-03,2020-03-10,24.0,566.0,12.0,3.0,23.583333333333332,0.5,0.125
1190,MD,2020-04-04,2020-03-10,25.0,653.0,13.0,3.0,26.12,0.52,0.12
1241,MD,2020-04-05,2020-03-10,26.0,785.0,16.0,3.0,30.192307692307693,0.6153846153846154,0.11538461538461539
1292,MD,2020-04-06,2020-03-10,27.0,916.0,23.0,3.0,33.925925925925924,0.8518518518518519,0.1111111111111111
1343,MD,2020-04-07,2020-03-10,28.0,1020.0,26.0,3.0,36.42857142857143,0.9285714285714286,0.10714285714285714
1394,MD,2020-04-08,2020-03-10,29.0,1310.0,32.0,3.0,45.172413793103445,1.103448275862069,0.10344827586206896
1445,MD,2020-04-09,2020-03-10,30.0,1476.0,34.0,3.0,49.2,1.1333333333333333,0.1
1496,MD,2020-04-10,2020-03-10,31.0,1716.0,42.0,3.0,55.354838709677416,1.3548387096774193,0.0967741935483871
1547,MD,2020-04-11,2020-03-10,32.0,1923.0,50.0,3.0,60.09375,1.5625,0.09375
1598,MD,2020-04-12,2020-03-10,33.0,2035.0,55.0,3.0,61.666666666666664,1.6666666666666667,0.09090909090909091
1649,MD,2020-04-13,2020-03-10,34.0,2205.0,63.0,3.0,64.8529411764706,1.8529411764705883,0.08823529411764706
1700,MD,2020-04-14,2020-03-10,35.0,2356.0,72.0,3.0,67.31428571428572,2.057142857142857,0.08571428571428572
1751,MD,2020-04-15,2020-03-10,36.0,2516.0,72.0,3.0,69.88888888888889,2.0,0.08333333333333333
