,Entity,Code,Year,Unsafe water source (deaths),Poor sanitation (deaths),No access to handwashing facility (deaths),Indoor air pollution (deaths),Non-exclusive breastfeeding (deaths),Discontinued breastfeeding (deaths),Child wasting (deaths),Child stunting (deaths),Low birth weight (deaths),Secondhand smoke (deaths),Alcohol use (deaths),Drug use (deaths),Diet low in fruits (deaths),Diet low in vegetables (deaths),Unsafe sex (deaths),Low physical activity (deaths),High blood sugar (deaths),High cholesterol (deaths),Obesity (deaths),High blood pressure (deaths),Smoking (deaths),Iron deficiency (deaths),Zinc deficiency (deaths),Vitamin-A deficiency (deaths),Low bone mineral density (deaths),Air pollution (outdoor & indoor) (deaths),Outdoor air pollution (deaths),Diet low in fiber (deaths),Diet high in sodium (deaths),Diet low in legumes (deaths),Diet low in calcium (deaths),Diet high in red meat (deaths),Diet low in whole grains (deaths),Diet low in nuts and seeds (deaths),Diet low in seafood omega-3 fatty acids (deaths)
6076,United States,USA,1990,69.85512168260817,73.8598227815407,463.680375216053,953.521883529735,257.55808671700413,17.258250713100427,2077.963746903903,50.470331839111786,14755.550103245734,35548.62793729244,30812.93899171426,24517.16963159691,71920.54531627518,75088.8217719634,29461.14557745791,80759.08932386589,236444.14169794964,301937.27130300005,255035.38901873498,493669.34441753617,552961.7271506783,79.8789706331468,15.838453431254553,29.23391343994105,7801.082343084827,104893.07992795939,105517.26,61232.16241940247,56190.13917126538,39255.38208458392,9526.852359191556,3806.843931936701,137927.28622477275,127298.40091658552,71090.29153003157
6077,United States,USA,1991,75.1867972587672,78.40117400454169,474.75996394805344,931.3968676869656,244.3986643256437,17.867400996537587,2089.580349145422,47.16581150449794,14025.41320119478,35058.978068543016,30643.276221657223,25833.05132258355,71520.48084987613,74014.24245411572,33411.30435099022,81030.55485441603,232963.79307924164,,258789.04223639905,493462.43469096225,540971.7176688313,77.24481461572536,15.490797809439778,27.77151459694984,7973.436801766795,105856.14318840047,106567.24,60273.741839296534,55561.531988137314,38735.86885466377,9606.744120987303,3836.2640349517155,137473.75288982186,125714.42633008091,69921.38730733836
6078,United States,USA,1992,80.67745478514178,82.55834402112718,482.1268197254871,900.5048221107837,230.52726622368493,18.038813022321985,2106.5701031993044,43.64188202745961,13226.268392455795,34291.94703284101,30235.638628831097,27101.97468274633,70623.41789464098,72545.38287064624,36807.969161298635,80775.77392029278,229092.9707734768,,261087.44869866234,487185.9957839498,526039.7278753053,73.45306937410453,14.760875624724871,26.52514446008271,8116.931775997013,105952.81231508893,106741.81,58981.9603604305,54614.22647263869,38056.11458884124,9630.443370827536,3844.30532018633,136270.67534639436,123419.2908878424,68303.19957712093
6079,United States,USA,1993,90.6852388713312,91.23146824268407,506.8226052263005,902.1774510850728,230.31185555744304,19.155744814246805,2220.334008900165,42.4207833215869,12861.016837746887,34627.266853419314,30509.104036378405,29115.602797563155,72287.76267493023,73949.28367763902,40316.158990032556,83391.93166365122,234236.7661237006,,272306.95177687966,498164.44021204044,527494.4261761521,72.76951795630569,14.24811798899524,26.79893898295111,8558.06650887628,109749.33592167424,110644.94,59774.36358598647,55620.66164412534,38833.49599604892,9911.302729730938,3961.6321817273524,140185.05359072462,125644.03895070095,69225.61471822496
6080,United States,USA,1994,100.28183392898394,99.33641192741516,519.5888292982979,877.8741931178522,223.42985813429138,20.208267096946184,2285.4861319953984,39.808638084806546,12367.469148474382,34063.477347194035,30569.17622462153,30662.292906507544,72356.0284022192,73460.1974708064,44191.367096679816,83781.2243458592,235170.88267239011,,277662.21712596953,497152.0738801026,518016.0348700114,72.21292906707315,13.430734479977026,26.48941102022924,8873.005157945632,110635.46542441288,111611.6,59099.46384456463,55404.651657758084,38655.8889868312,9992.76559886532,3999.453668979127,140551.14893249446,124020.21747258994,68271.63351330918
6081,United States,USA,1995,111.17935171704764,107.8917922169956,535.6112407773604,853.7658298425115,211.21743972105125,20.606915269581265,2382.758528892991,36.20108302820376,11616.784022560118,33742.167111197115,30893.07883066793,31850.675401174984,72609.40109831885,73775.12009457836,44590.87671996552,84656.75445052648,239623.8426025325,295513.155287,285191.5942586594,500800.84104418935,513990.0653992807,67.97530898309951,12.301219505474036,25.237394076152874,9266.377987155996,112272.94828463712,113341.6,58673.78613091004,59867.900110199465,38828.252477204864,10032.516197817149,4075.519239266559,141954.52137990418,123821.35861803927,67908.57420283166
6082,United States,USA,1996,124.388526609153,118.42889615510882,547.3906553064853,824.9603678642143,212.32352697371627,21.951047310000128,2510.589942277504,35.083009325561946,11209.146521403147,32794.16818856005,30937.46800401709,31248.612275572534,71742.74499336633,73092.98768864974,34683.234904301135,84137.60406506168,242689.49634489656,,288911.6692239801,497668.8181869572,502854.971300391,68.97477717066367,10.34270955350656,25.30984731230966,9663.043101529554,112875.14446522384,114023.98,57325.96419165829,63406.743436903445,38459.541759399945,9924.692345329287,4088.2677550735552,141125.45651429554,121583.81102833018,66435.84881057341
6083,United States,USA,1997,147.83972839404228,139.18211313349806,562.9440172123285,808.4922415939636,224.2274652665601,24.496370790645525,2681.355501413973,35.22613802034304,11185.658055206311,31847.61141379193,31527.300601531515,30538.95718478942,70917.12576335776,72553.12071762561,22579.060787949027,83615.91772322543,247209.5918396856,,293104.1203268383,494795.1178031493,493067.9547812557,74.51577978027143,8.864291590198754,26.223713125450487,10043.691316287306,113509.47681864348,114732.25,56036.31996631355,66933.37678682795,38202.15938911744,9823.201188584871,4089.7721437571067,140414.5242204466,119320.37156083508,64998.69309908293
6084,United States,USA,1998,177.8042327368261,165.53918628357198,581.5867382671928,788.9561540724617,239.55618592898202,27.93868743799269,2880.036142734145,35.539953220115436,11303.039616494942,31049.944884245982,31926.516208983165,31305.435647164726,70566.52093091379,72498.00174950396,19550.848697623453,83622.22838271201,254185.3710946303,,298979.8276317088,495036.64116571005,487397.47007299354,72.97116162189438,7.5515639788054685,27.475749483816138,10483.432035260352,114733.63622873575,116050.76,55088.39276397781,70742.46238713447,38246.54947285732,9783.972756140642,4123.211067043822,140484.89671181285,117681.36111166482,63925.435562941435
6085,United States,USA,1999,233.1962105133752,214.95090291081456,594.3691128098902,776.0885366467975,250.3287822749321,31.883861172910454,3107.722859938884,34.617790305086714,11327.218884545307,30547.564994584147,32503.243848491973,33198.26815470891,71928.00212401914,73570.63547531202,20697.52061639413,84667.14694062951,264141.96144246194,,308254.11898594326,500825.0405307703,487131.1595130596,85.913921613944,6.342167781929152,28.444841037319087,11045.872338018107,116984.48117799213,118424.14,54991.28024504004,75249.5854406614,38895.99387420391,9869.722973954296,4168.019663420599,142246.5063593051,116330.16522673392,63689.352149277765
6086,United States,USA,2000,281.5561316934321,256.7643544234405,610.724114520943,751.3815071807463,257.62888977331346,34.48372520848083,3234.8656320713385,33.82789764995816,11256.811391061976,29745.31601482524,34662.366521157615,35084.94302211745,71992.47994094847,73406.44634524625,20102.731666139298,84092.13177892922,269941.1620067283,276041.281161,313710.8880817553,496408.9324697493,482722.77403414034,89.31585435875748,5.418409353384416,29.055603692523785,11505.494694986868,117268.13641523386,118782.55,54084.61847617496,77534.05613102423,38963.56544205968,9800.376345142275,4168.2302812434355,141711.3150202068,114308.46252770851,62363.178695274924
6087,United States,USA,2001,297.1874711385179,301.60607088629143,615.6706947794187,725.7078711267471,263.7309391303259,36.80086676333603,3292.566305460408,33.335303812312844,11045.565836461641,28867.322982314923,38055.86153306432,37397.522415325686,72486.14466427747,73374.88673307821,19819.347738467484,83163.10067957507,277495.72797137825,,319540.899334416,492102.8107137208,479105.30754908326,94.64225714110444,5.347738622559016,29.807964025775657,12158.331680726536,118345.77026161474,119951.19,53263.269353394055,79646.73756177501,39120.462020102634,9761.749878102379,4173.170060656721,141154.01324152568,112316.56656549008,61206.370100058164
6088,United States,USA,2002,320.5962708271922,363.5016705187578,630.7468744917973,704.4771899924858,282.4113255839048,40.062004882562725,3365.933143875985,34.202969719950225,11233.668268711406,27836.557709207333,42423.51438620548,40181.59287090392,73337.07981396612,73110.33338079376,19714.01788869886,81443.46405254045,286587.8113254376,,324669.1226273016,484991.8122843232,476151.89113727974,95.55319888823924,5.420171728266706,31.537737050941672,12725.549759246647,119115.78135019542,120802.95,52446.52617108829,80869.79551345426,38974.90080608144,9728.95833280554,4173.22110286558,140043.63190237427,110159.9450239757,60033.161857891326
6089,United States,USA,2003,339.90801450179333,430.6363148889199,645.0937085169678,681.2348031718415,297.18540460016413,43.17979524159182,3379.193379259675,34.96245130462965,11337.799711265647,26648.7014856468,47008.13041012291,42627.58734539328,73701.54348482942,72214.68134325948,19420.55053154731,79047.56404288452,295169.2433858201,,328330.54579977103,474892.3032641047,470851.531894677,115.78926113906476,5.466025533638744,33.134425501248245,13281.937378851086,118988.36269337867,120750.11,51285.06441137855,81548.45215896862,38450.60635376807,9649.495004695942,4136.635807380557,137945.58444786575,107156.82678538637,58565.48390567747
6090,United States,USA,2004,353.92212883947883,497.896048773456,651.5332659058631,641.3062297697422,300.39837800393286,45.46284452671027,3333.5295891662013,34.56790026030754,11139.87316654838,25064.61103629046,50690.05659244545,44389.60225070551,72598.09432621345,69630.53694875866,18800.21225231869,75070.58153538406,297735.53584068833,,325213.5568357997,453616.84711301024,457396.69402318617,130.5572634245423,5.282807133902897,34.03031042005131,13608.016684026466,116044.3764589507,117839.27,49218.99459332744,80172.30093992325,37003.747385559545,9441.569150666432,4016.869109670988,132609.18055479776,101745.47087020644,55910.895041193406
6091,United States,USA,2005,375.35004860417735,586.7480380377717,681.3211553001632,634.7057723852865,313.505646801697,48.52454427458539,3439.1128564495643,35.716816914931705,11346.701149394798,24697.964841917692,54951.23113261253,47709.63828384416,73958.46195230426,69595.89684179716,18467.307810119764,74257.53285368823,309351.49661611515,241427.42067800002,332209.4417357092,448096.6022469422,457576.3841337881,142.8908855463765,5.3056415691518914,36.076541516163175,14370.550574821367,116972.67940164759,118858.03,48920.65271193588,81549.81805672325,36914.24378282372,9457.615841923349,4027.154334386253,132213.37364882874,100505.42351937269,55482.37214750613
6092,United States,USA,2006,399.8987362011366,664.7786665313897,700.8601010314343,621.009509912112,311.18545026869145,49.695591954766854,3462.820042086873,35.54719242847393,11371.310631864975,24082.290449911827,57813.677222859675,50490.62201293153,73974.07655630099,68200.58696028519,18117.339365778593,72439.41739214852,319101.0078325929,233566.047965,333964.4750179562,436049.774824415,449861.90687586076,145.24868087696862,5.287683000784106,37.10469413577725,14964.283290456431,116061.63850989204,117993.89,47909.59358713007,81373.6073663632,36097.99953852207,9388.755805988674,3963.096417073938,129360.20750508027,97615.33809399881,54180.153023037434
6093,United States,USA,2007,400.25050592658476,703.4074643104943,711.8137070604373,599.3201400474625,306.0734662363949,51.30729086062521,3526.4872916505324,35.04261918889563,11344.484071302822,23451.17800280535,60011.17082801536,52807.13361915488,73717.11758535182,66634.93419689803,17426.411578584917,70595.75729725612,334017.3892193351,,335088.7750739022,424014.754636526,441054.3611963517,146.8359979231254,5.3542764281798005,38.34578567376243,15495.845035203112,114824.91766023055,116816.76,46756.23984752577,81059.26209995625,35152.405884079875,9324.999576783715,3899.625436120417,126153.54453193475,94512.63090098105,52857.82688562437
6094,United States,USA,2008,390.94491214901586,724.3045928643003,728.7534213379734,582.0285517547447,279.42616473753657,48.548684920319566,3607.0020836126946,32.31236871750328,10873.786352870096,23271.400947312042,62029.69499128318,55645.56916129387,74673.24623609624,66303.15381685259,16646.313082355427,69986.95675696338,354947.453750034,,341019.3996403836,419960.95984097366,437577.1855042744,150.34401860948978,5.291467451969028,36.879513312565244,16171.311786262393,115290.2068309876,117378.65,46513.72427752932,81917.18431120685,34851.73555990125,9395.555847257096,3880.964049869947,125139.58263554751,93463.53636057777,52711.67750518347
6095,United States,USA,2009,365.374333071679,711.5772305203157,730.9952124020089,557.9595023001658,254.2298665864368,45.41707436522664,3639.079319574526,29.398686420615274,10166.131734874765,22992.9362418046,64127.998584597655,59052.49311405289,74778.03148659569,65465.33192649872,16043.22230524157,68777.63239213517,369197.83656216005,,344803.1488322428,412921.2107912533,430649.6660608903,153.18330818230896,5.0491626905120235,34.87916254568744,16662.905402479497,114196.57516863699,116331.43,45988.45041467251,82302.91563995912,34289.111269642635,9458.298440590468,3824.725380909452,123297.7257686018,91802.11384323415,52289.41932431557
6096,United States,USA,2010,337.52433974536945,690.9400930523041,729.4771238072151,531.0673045246629,231.60883308849546,42.44971804027149,3703.768434138697,26.765089933651556,9547.050669950391,22582.966219878443,65327.70128389997,62386.787520466365,74749.63904650841,64470.28708478848,14898.62398107818,67612.65797288531,374674.1187776668,215111.52250100003,346385.6502046014,408593.7274445807,421536.01218326576,137.28806036328237,4.7028885379817975,32.6612011214534,17171.043182320343,112338.8407143396,114504.04,45431.298134645964,82126.49435990753,33694.092753517936,9465.2289116281,3748.0765005835187,121026.47513523158,90248.08699074577,51722.701786183476
6097,United States,USA,2011,340.382216854776,692.6838426222031,746.9555715900916,522.9391340835078,221.6817203050512,40.89365794616585,3855.4688251711277,25.92443947010609,9439.166954893177,22846.0899243671,67575.682948702,67078.65264903454,76400.70594043055,65213.55682864226,14483.366289016785,68284.0643841244,381148.90234393376,,354997.3981857246,414207.2599610068,422167.614205985,146.0455762529652,4.624379671748124,31.775763431825943,17959.5315453117,116923.05044640006,119281.96,46073.0972613425,84231.49455944268,34116.25577555952,9618.621716571783,3719.166621489038,122208.26694230286,91153.18531659528,52658.579319447424
6098,United States,USA,2012,333.6870603970827,675.2647266105063,751.1802814734625,520.1367268805461,214.19413765836933,40.26538247095658,3970.801249062244,25.09648255237344,9350.42651034315,22926.746515378,69485.4869294347,71606.5125215264,77223.74318348625,65294.51376331233,14171.19615539593,68140.94510857892,384231.5592359226,,360764.22426516603,415900.77079038677,418666.1064775781,150.4104675885921,4.46953323272898,31.175604080809237,18500.721457541807,112386.15837109805,114645.46,46264.92687547174,85228.48720273706,34160.88285863442,9698.554498460047,3699.228843514024,122164.35461040902,91271.04083022333,52864.986223773165
6099,United States,USA,2013,327.48226278780066,655.1424505382679,761.3656370451259,514.6472997973735,207.32407612030696,39.470863031491454,4136.755929074557,24.63734912503716,9341.708294821516,23220.65838712573,71457.04282721727,77069.07516069588,78355.72917037344,65609.54075790853,14065.44594799039,68430.58984310381,389606.59462682024,,368553.81114553026,420305.07679553604,417391.49298065546,160.2481910714515,4.4155628498254975,30.688364578834072,19038.91632843964,111384.22017343737,113649.99,46698.75824083262,86914.68143430588,34445.469472377416,9827.045424864727,3711.6410568725396,123002.50756592568,91977.1609155982,53376.70376983669
6100,United States,USA,2014,319.1881089486175,632.3073131308641,766.3209542649935,511.70756095184674,200.90090944974028,38.29786116185246,4343.582064484287,24.04413860564272,9252.7066144901,23604.755690749917,73779.12077563201,83691.69170010317,79337.3066846128,66022.07647865528,13985.91899970062,68811.36299050934,394943.7835452218,,376824.2464070199,426039.0504929929,415659.1258850846,161.93956177101862,4.331229843898345,29.961871377244385,19543.020481030526,108354.34166222242,110539.78,47236.47757326468,88295.78971884193,34788.197996078714,9976.898808022459,3763.8940682880434,124228.63748541233,92703.15772724019,53797.185191225166
6101,United States,USA,2015,311.42231676591814,609.2837126561061,776.3665596435408,507.22926022040673,200.7467320505721,38.120130590388825,4563.484046895882,23.96874132589533,9161.945737053764,24172.760760147816,76579.3609459779,91649.75242574193,80826.9453688311,66779.29695021096,13857.461945415329,69827.83609167897,402406.89063958713,,386693.8769817113,434456.8357667432,415460.4350457828,163.13318018434552,4.3417111528495935,29.898245379930557,20018.66029816852,109169.60344094904,111393.7,48226.774787497074,90181.93326225872,35451.99192067648,10194.99716650564,3876.156701283864,126498.33548650742,94267.0061577089,54560.09175927046
6102,United States,USA,2016,300.980594805171,583.9904119455847,784.6045433577319,506.0354416456008,198.837207778006,37.19503036690468,4547.650523652114,23.545541566828767,9002.47445008128,25092.10764931687,79541.00537285685,101170.56568527305,83258.62878708365,68193.5648549795,14340.588262087,71474.5031783512,412024.9776705522,233232.68592699998,398515.32873544993,444228.85741089896,419702.3130856588,153.85819351496002,4.374596410987433,29.312196227239905,20090.21153322514,104982.79394637584,107039.58,49763.307282106696,92717.46599213412,36495.68218493596,10577.966493893753,4084.899759997747,130233.51729320188,96848.27967435068,55892.868281505915
6103,United States,USA,2017,296.74488196257005,576.8510033907726,795.2871684822705,508.1808343106495,192.07405484629749,35.647605447853614,4593.720957501598,22.373035695625934,8706.489350331887,25924.944419874137,80985.81668149543,104937.17755745458,85150.79481164804,69406.50796869773,14388.953452056114,72957.31791901778,420327.92719577573,,408831.4451914523,454347.03329808393,422011.25493931584,150.58999415435719,4.195798942918003,27.941528421719237,20321.252531793583,107506.72943725882,109629.59,50936.53264458686,95034.89340078783,37577.44650453247,10843.22280148298,4248.5314422504025,133333.62329695612,98873.86838819928,56909.18947593649
