,Entity,Year,Air pollution (outdoor & indoor) (DALYs),Child wasting (DALYs),Child stunting (DALYs),Secondhand smoke (DALYs),Unsafe sanitation (DALYs),Unsafe water source (DALYs),Low physical activity (DALYs),High cholesterol (DALYs),Non-exclusive breastfeeding (DALYs),Outdoor air pollution (DALYs),Indoor air pollution (DALYs),Drug use (DALYs),Diet low in fruits (DALYs),Iron deficiency (DALYs),Zinc deficiency (DALYs),Diet high in salt (DALYs),Diet low in vegetables (DALYs),Vitamin A deficiency (DALYs),Smoking (DALYs),High blood pressure (DALYs),High blood sugar (DALYs),Obesity (DALYs)
6076,United States,1990,2347002.1841581576,81232.11233242169,5067.837248944052,1011838.1451264769,31495.00033067885,29647.05777965552,1307207.964362723,5160882.31596,24433.86675700538,2160443.3292852184,21698.439380550626,2272468.390457369,1612190.126396228,147044.1106827665,2680.4154301022895,1150334.2766089698,1383463.644635297,20887.48676495284,13664594.885885013,8644054.435076343,5300236.299998722,6897198.239418362
6077,United States,1991,2345853.5004799147,80209.1822301837,4860.0230903675265,993785.2653137669,32510.639472566407,30988.09986858504,1302307.072696619,,23670.65996160829,2154997.8954621376,20996.718406865708,2305626.1631342964,1599661.6872174856,142369.46057468574,2770.7675404706565,1139744.1620992015,1356781.926592465,21442.859868129664,13321369.18671786,8589720.144638184,5239792.992409031,6972167.420839195
6078,United States,1992,2328272.974327978,78655.37864459939,4618.426246502102,969504.9176750728,32826.240704751486,31842.990181034318,1288788.0778128318,,22703.174789159315,2135086.043446896,20143.501167547063,2350248.821594779,1576823.7077802487,137645.1738925588,2811.20573959198,1122495.4047923628,1322511.554169436,21844.716441666948,12923499.333317293,8421846.045028783,5173162.115057517,7020344.3794218935
6079,United States,1993,2379449.876868818,79859.07767923725,4558.27864494149,972210.2196883106,33029.231533205384,32570.431881303168,1316438.9793550905,,22851.58548126898,2176883.047392928,19902.315759537087,2438805.1425762405,1604481.2567342094,133462.29682692685,2833.992896023838,1141975.273676616,1338204.2919480805,22152.17529645357,12867303.539805425,8519577.925792547,5260005.160336455,7255398.207501457
6080,United States,1994,2378940.7728051795,78720.76004290605,4354.3258447646585,954358.3327689396,33009.05996050628,33045.02023433981,1311801.8089608336,,22331.18698873711,2172680.7541705333,19214.071330610142,2517194.884410889,1599547.217682783,130090.19583867675,2790.390904077906,1139466.6400326132,1321755.077748351,22213.197822554248,12599426.450723775,8434543.711418027,5279258.4664002815,7375675.142789473
6081,United States,1995,2394855.940235586,76762.13100876215,4039.73329295617,942735.7094368724,32240.64015267505,32926.3277642295,1315161.6147434893,4931990.47429,21280.80830490292,2183375.899995166,18556.10997968086,2583266.60343707,1599898.8355195844,127528.85770787395,2672.492313436658,1224975.0400602724,1319655.6652937871,21939.128562715592,12453743.14362325,8428447.920620706,5361708.968658535,7546151.7169636125
6082,United States,1996,2397294.013969629,76669.07415840549,3913.219467778897,917050.8078956648,31266.023707149267,32549.088467829286,1297088.8690959502,,21246.275717434768,2184206.247673477,17874.946960280642,2592086.737841869,1577940.9479787785,125267.1389348516,2237.3007817337834,1290890.0562782285,1300659.7227393852,21311.05483667564,12165469.361098722,8313298.547469671,5421259.75311594,7642676.143906771
6083,United States,1997,2405047.6269373843,78128.74284477952,3875.820035513213,892937.6411198017,30792.872398239062,32416.160881744272,1281623.957731852,,22045.119384526395,2188845.4352613403,17490.478726634,2629659.0852978416,1559910.5717843075,122555.35419773876,1870.5803255289334,1357572.5974721657,1287350.4642468551,20263.00517626478,11923341.014851307,8220320.796935515,5519971.165797179,7773237.2787839025
6084,United States,1998,2422271.1536544943,80032.68310575973,3846.7637009192968,870879.8687121959,30175.317799459677,32117.329986418306,1273879.00848001,,23158.12410330727,2201007.003760493,17039.965318000355,2750875.94607899,1548517.6721185744,119386.23540000181,1555.165533304153,1426819.954745587,1280387.8348262785,19109.709167473524,11759200.92153009,8175494.518815613,5663328.958833537,7933573.884223285
6085,United States,1999,2460931.7018806096,82008.70283655827,3715.2277056265666,857149.3657010251,30106.8437801612,32321.680672215924,1282968.7084188277,,23888.175206037984,2230626.7615872854,16729.522784638895,2918940.6788634523,1568768.1294939844,117811.18142633265,1293.9626484012715,1508707.4366085068,1296210.53764297,18103.63153790413,11715572.432489552,8223720.66449099,5861752.451585399,8167128.222255453
6086,United States,2000,2471840.5067052986,82712.43359198808,3610.8853550280073,839737.4561582459,29958.5464011923,32489.161240158726,1273177.2374939057,4586943.5215300005,24416.880204314766,2237722.4649164425,16262.298945296952,3065665.5417507496,1576075.6345476594,117665.56234659148,1099.0962504843435,1557046.1185550275,1296849.5833874815,17528.984538298893,11623793.028137354,8152484.357566686,6004298.868337616,8348414.194532426
6087,United States,2001,2507259.490851572,82806.16398713738,3542.626548129317,821847.6029360292,29897.89808059893,29110.56281482073,1262172.1804163426,,24898.962605071956,2269414.5105269817,15812.045090042837,3214234.986950057,1595328.9089099024,120153.24701512221,1068.1494213937278,1603583.997944199,1302252.361815807,17302.624337162037,11559115.08310813,8095036.775098904,6188194.00495335,8548397.23938529
6088,United States,2002,2543426.51669374,84525.89902064204,3593.506130163381,801027.0668363061,30633.81077234886,26681.65882458436,1244049.6942918408,,26463.97527088563,2301911.3400840308,15502.481343129732,3380149.843661912,1624140.2585583266,124024.30233472909,1053.9135975109061,1638624.7076256054,1304497.8202783486,17185.340470836454,11517012.08522551,8009151.650754289,6417377.914476877,8749079.600787196
6089,United States,2003,2568434.0012374576,85461.02359182309,3634.4177450613233,776675.4247996855,31696.765838897387,24687.94826892704,1218643.4838365952,,27714.714342305124,2323440.627719173,15193.672263764922,3527096.131653843,1645370.523781071,129951.83890401752,1035.4217170580282,1664232.659593109,1295921.5966161976,17120.521377129015,11433553.673392873,7885318.428523217,6652845.675966599,8926287.301294588
6090,United States,2004,2542043.6542379493,84740.05691260126,3580.565858946409,743150.5011591939,32651.18878725848,22877.36163349047,1170156.0880769377,,27954.327063874258,2299070.6242734264,14569.488573175833,3640132.0151278814,1638975.41427813,135894.42879646952,1003.5900430879956,1653368.4836662384,1257147.8398434562,17079.767240266152,11181569.091467936,7587299.507689501,6788388.032265305,8962936.076757206
6091,United States,2005,2581807.9252238167,87263.29383408057,3667.4803983562333,738851.1713262799,34343.227811613084,21635.475948868505,1164410.7038848323,4170195.36615,29048.166867559637,2330898.61943802,14570.657995933574,3809817.90883125,1680221.905115733,141021.37842200804,995.9696085385567,1693550.6457051008,1262450.0440406709,17226.32555829954,11197874.541442053,7522670.883294691,7071858.423487197,9211317.53167346
6092,United States,2006,2599046.5486054737,87661.0639395341,3645.247554040187,730332.7280287662,35774.033492499286,21183.09074917166,1144515.7476469092,4063871.03939,28813.558514219254,2346370.971376665,14505.906959360382,3940973.477578536,1696725.193074412,146378.35926634478,991.09243865834,1703579.6570107942,1244323.6786678943,17466.68760587184,11056263.988153877,7357683.258805837,7331316.153438441,9371638.938346302
6093,United States,2007,2609679.229010704,88284.07763414625,3597.0974538766914,720499.247393581,35879.79604172636,20090.906076971405,1123624.5390871644,,28342.879966101074,2354238.021397887,14255.994160577216,4029105.1613830193,1704494.6016937448,153596.0556755098,997.8191183996457,1705387.8824952547,1218030.0379556778,17897.33864253263,10878359.278302465,7182604.102204878,7681687.354624688,9526407.158832695
6094,United States,2008,2648874.8979455745,86868.75357607885,3354.9412339821765,720686.8745168719,35034.2870419289,18614.285371325906,1121135.6902114132,,25963.342408999644,2385804.834628104,14041.227285089482,4127463.4146987526,1736349.2332037878,161684.0385600428,996.8174015975287,1728074.8518120255,1213043.1007621365,18116.10046967577,10802649.460368458,7136997.634104019,8132696.773997651,9782594.09546714
6095,United States,2009,2660462.2307783538,84591.14969488398,3094.3846291860823,719595.6757044134,33541.628082061405,16957.992128807895,1112865.4739495993,,23694.79048300972,2393502.292501088,13694.419189847451,4257735.940024238,1756589.9001497088,169191.04563568425,979.1340806158572,1745422.933827086,1202811.7921374012,18202.775393134973,10677609.360243298,7069239.232878657,8480463.51412685,9997773.712089524
6096,United States,2010,2632959.4768025517,82483.18789040696,2855.787578358879,711135.1336590729,32058.052329109738,15426.468860286144,1097184.6580960257,3784821.2950199996,21652.520937998917,2364700.636101689,13164.005203638442,4403917.888382607,1759819.534459252,173693.45019470548,947.6732234597227,1741785.8162613618,1181524.0564034877,18076.470522290416,10473784.475400146,7008116.4024753915,8625777.49052935,10087556.786404762
6097,United States,2011,2742468.041099269,83313.4470330812,2768.2875715740556,718406.3181454932,31449.311219503175,15234.790356206335,1109374.8828849162,,20740.400756054303,2465789.658447012,12985.206331674597,4628429.08067072,1797062.3408926297,178448.44004356462,929.6559859965621,1785264.6323292563,1193205.3447767678,17902.760571920164,10471339.981059287,7123713.495895673,8776443.758407002,10309435.596561417
6098,United States,2012,2636177.524899138,83580.21301532212,2676.5799564230183,721147.3415816975,30646.970612316025,14949.481637692481,1112690.824512813,,20066.950928636597,2351333.279672386,12985.622274283774,4859819.748507735,1818603.6671780508,183001.1256065336,896.8723449580207,1809136.742962356,1195588.2839998186,17708.44792080059,10392980.141936943,7192988.39840444,8885375.12576908,10474292.934849693
6099,United States,2013,2611024.7571240254,84881.25275248378,2615.198514854985,728663.825902683,29845.531491975064,14738.115233868159,1123491.900502223,,19447.929750178002,2316698.219012387,12898.643680199684,5144853.314950174,1845683.8873491962,187906.47676905285,870.4878735176047,1845769.0060388609,1200399.902946367,17463.85113733074,10354956.759700993,7312755.4496992035,9031840.795129824,10677860.481732683
6100,United States,2014,2537058.118021124,86329.61441978259,2544.262830093037,739307.5871632206,29066.852421672535,14512.11797019582,1137065.8866569174,,18889.775197008104,2233263.3180078124,12864.561004957555,5502236.795677509,1873350.841523993,192166.76753730015,842.0354314279193,1879689.7840602882,1209592.7142672092,17121.404727078065,10320134.027287737,7458702.664065277,9183894.856114537,10900395.98370031
6101,United States,2015,2548385.13957603,88310.86438678182,2521.6405263480888,753519.8594588641,28146.762097200317,14240.23436621072,1157253.832544371,,18899.662681395333,2234571.3834878253,12739.63932167162,5944311.6994485995,1908292.738975087,196089.56779411773,825.3756030152265,1920621.0466098075,1221996.3058892796,16780.912211285577,10306712.3628548,7633611.066508919,9355582.355295844,11144905.64740319
6102,United States,2016,2432143.123459789,87790.91703410744,2469.4504984735213,777158.1707816216,27325.390347042925,13944.30417992672,1189105.8232595029,4010822.9689999996,18745.950685948763,2106126.5406872584,12682.185595167382,6465949.104791127,1966067.6770944197,199170.31935420228,812.1520861027496,1978010.795107789,1249127.8721011488,16287.71166707666,10405126.84639863,7850854.016346571,9566522.16220568,11440537.276514942
6103,United States,2017,2478385.7633952904,86873.40694102096,2351.2899957462437,795397.3694840526,27065.492777488183,13797.194735997313,1215038.3359833271,,18172.59669948324,2142160.435634213,12661.720730521518,6728377.1173980115,2001774.40278068,202107.5390013934,778.6097415877819,2022522.362556776,1266177.8636219688,15633.574852483334,10426603.523740448,8035160.833522729,9716379.396633023,11656585.51469784
