,vulnerability_value_mean,vulnerability_value_mean,vulnerability_value_mean,vulnerability_value_mean,vulnerability_value_mean,vulnerability_value_mean,vulnerability_value_mean,vulnerability_value_mean,vulnerability_value_mean,vulnerability_value_mean,vulnerability_value_mean,vulnerability_value_mean,vulnerability_value_mean,vulnerability_value_mean,vulnerability_value_mean,vulnerability_value_mean,vulnerability_value_mean,vulnerability_value_mean,vulnerability_value_mean,vulnerability_value_mean,vulnerability_value_mean,vulnerability_value_min,vulnerability_value_min,vulnerability_value_min,vulnerability_value_min,vulnerability_value_min,vulnerability_value_min,vulnerability_value_min,vulnerability_value_min,vulnerability_value_min,vulnerability_value_min,vulnerability_value_min,vulnerability_value_min,vulnerability_value_min,vulnerability_value_min,vulnerability_value_min,vulnerability_value_min,vulnerability_value_min,vulnerability_value_min,vulnerability_value_min,vulnerability_value_min,vulnerability_value_min,vulnerability_value_max,vulnerability_value_max,vulnerability_value_max,vulnerability_value_max,vulnerability_value_max,vulnerability_value_max,vulnerability_value_max,vulnerability_value_max,vulnerability_value_max,vulnerability_value_max,vulnerability_value_max,vulnerability_value_max,vulnerability_value_max,vulnerability_value_max,vulnerability_value_max,vulnerability_value_max,vulnerability_value_max,vulnerability_value_max,vulnerability_value_max,vulnerability_value_max,vulnerability_value_max,State,State,State,State,State,State,State,State,State,State,State,State,State,State,State,State,State,State,State,State,State
vulnerability,Active smoking in adults 18+,Asthma prevalence among adults 18+,COPD prevalence among adults 18+,Cancer prevalence in adults 18+,Coronary heart disease prevalence in adults 18+,Covid-19 Vulnerability Index,Diabetes prevalence in adults 18+,Health Infrastructure,High blood pressure prevalence in adults 18+,"Number of hospital beds per 1,000 pop. within 25km radius","Number of urgent care facilities per 1,000 pop. within 25km radius","Nursing home population per 1,000",Percentage of pop. 18-64 with no health insurance,Population Demographics,"Population aged 60-69, percentage of total pop.","Population aged 70-79, percentage of total pop.","Population aged 80+, percentage of total pop.","Population density per 10,000","Prison population per 1,000",Ratio of the population to primary care physicians,Underlying Health Issues,Active smoking in adults 18+,Asthma prevalence among adults 18+,COPD prevalence among adults 18+,Cancer prevalence in adults 18+,Coronary heart disease prevalence in adults 18+,Covid-19 Vulnerability Index,Diabetes prevalence in adults 18+,Health Infrastructure,High blood pressure prevalence in adults 18+,"Number of hospital beds per 1,000 pop. within 25km radius","Number of urgent care facilities per 1,000 pop. within 25km radius","Nursing home population per 1,000",Percentage of pop. 18-64 with no health insurance,Population Demographics,"Population aged 60-69, percentage of total pop.","Population aged 70-79, percentage of total pop.","Population aged 80+, percentage of total pop.","Population density per 10,000","Prison population per 1,000",Ratio of the population to primary care physicians,Underlying Health Issues,Active smoking in adults 18+,Asthma prevalence among adults 18+,COPD prevalence among adults 18+,Cancer prevalence in adults 18+,Coronary heart disease prevalence in adults 18+,Covid-19 Vulnerability Index,Diabetes prevalence in adults 18+,Health Infrastructure,High blood pressure prevalence in adults 18+,"Number of hospital beds per 1,000 pop. within 25km radius","Number of urgent care facilities per 1,000 pop. within 25km radius","Nursing home population per 1,000",Percentage of pop. 18-64 with no health insurance,Population Demographics,"Population aged 60-69, percentage of total pop.","Population aged 70-79, percentage of total pop.","Population aged 80+, percentage of total pop.","Population density per 10,000","Prison population per 1,000",Ratio of the population to primary care physicians,Underlying Health Issues,Active smoking in adults 18+,Asthma prevalence among adults 18+,COPD prevalence among adults 18+,Cancer prevalence in adults 18+,Coronary heart disease prevalence in adults 18+,Covid-19 Vulnerability Index,Diabetes prevalence in adults 18+,Health Infrastructure,High blood pressure prevalence in adults 18+,"Number of hospital beds per 1,000 pop. within 25km radius","Number of urgent care facilities per 1,000 pop. within 25km radius","Nursing home population per 1,000",Percentage of pop. 18-64 with no health insurance,Population Demographics,"Population aged 60-69, percentage of total pop.","Population aged 70-79, percentage of total pop.","Population aged 80+, percentage of total pop.","Population density per 10,000","Prison population per 1,000",Ratio of the population to primary care physicians,Underlying Health Issues
State_Abbr,,,,,,,,,,,,,,,,,,,,,,,,,,,,,,,,,,,,,,,,,,,,,,,,,,,,,,,,,,,,,,,,,,,,,,,,,,,,,,,,,,,,
AK,17.903636363636366,9.043636363636361,4.534545454545454,5.449090909090909,4.2363636363636346,30.49621818181818,7.405454545454547,53.278692307692296,28.207272727272738,2.308192307692306,1.9315636363636364,7.270563636363636,12.790909090909079,21.99245454545455,9.653672727272728,4.320581818181816,2.0183636363636364,14.87994545454546,4.926418181818181,108.0,29.328563636363622,11.3,8.0,2.0,1.6,0.9,0.0,1.9,38.699,13.2,0.848,0.254,0.0,6.8,0.0,0.19699999999999998,0.0,0.0,0.017,0.0,108.0,0.0,28.7,10.6,6.8,8.3,6.4,53.888999999999996,11.6,66.809,35.1,2.356,9.595,63.966,21.1,55.653,22.798000000000002,7.64,7.632999999999999,32.926,165.638,108.0,48.026,Alaska,Alaska,Alaska,Alaska,Alaska,Alaska,Alaska,Alaska,Alaska,Alaska,Alaska,Alaska,Alaska,Alaska,Alaska,Alaska,Alaska,Alaska,Alaska,Alaska,Alaska
AL,20.162028985507252,11.437681159420283,8.519999999999998,6.150434782608696,6.926086956521744,58.702113043478214,13.808405797101445,43.44547246376809,40.95362318840581,4.024481159420295,4.092339130434781,6.665378698224853,17.96144927536234,34.07522898550726,11.268127536231878,6.1834115942029,3.73955362318841,8.164081159420295,1.3346961651917404,88.9768115942029,59.71789565217392,7.7,8.3,2.5,0.8,0.6,0.0,1.4,0.0,10.8,2.437,0.43200000000000005,0.0,6.6,0.0,0.0,0.0,0.0,0.046,0.0,36.0,0.0,35.9,17.0,17.6,12.7,16.1,100.0,33.1,73.546,65.9,5.632999999999999,19.608,86.29899999999999,33.7,100.0,25.862,21.070999999999998,21.471,33.157,175.919,108.0,100.0,Alabama,Alabama,Alabama,Alabama,Alabama,Alabama,Alabama,Alabama,Alabama,Alabama,Alabama,Alabama,Alabama,Alabama,Alabama,Alabama,Alabama,Alabama,Alabama,Alabama,Alabama
AR,21.361016949152543,9.744915254237284,7.163559322033897,5.876271186440677,6.141525423728814,47.44883898305088,10.611016949152535,40.74546610169492,35.62881355932203,3.929406779661017,0.9730593220338988,10.859863247863252,13.764406779661023,30.608449152542363,10.556110169491527,5.203355932203389,3.304474576271188,7.563483050847459,2.100213675213675,108.2542372881356,47.80793220338983,10.7,7.7,3.7,2.0,2.5,11.128,4.2,17.472,19.5,1.515,0.257,0.0,5.0,0.0,1.271,0.58,0.177,0.26,0.0,59.0,12.038,35.1,12.3,11.7,9.7,11.2,88.369,21.0,87.691,55.5,5.626,3.505,60.629,29.9,81.991,19.259,11.592,11.693,28.441999999999997,93.32799999999999,128.0,89.04700000000001,Arkansas,Arkansas,Arkansas,Arkansas,Arkansas,Arkansas,Arkansas,Arkansas,Arkansas,Arkansas,Arkansas,Arkansas,Arkansas,Arkansas,Arkansas,Arkansas,Arkansas,Arkansas,Arkansas,Arkansas,Arkansas
AZ,17.16279999999998,10.348199999999995,6.021999999999998,6.055700000000003,5.1830000000000025,39.51644399999997,9.174100000000005,55.934189655172524,27.222099999999998,2.044332,8.837404665314395,7.060665647298674,16.610199999999985,30.486815999999965,10.291582999999989,6.422209000000011,3.489207,19.348498999999993,0.7291738693467337,70.839,36.81092799999996,6.5,8.2,2.3,1.2,0.9,0.0,1.7,1.9569999999999999,9.5,0.425,0.618,0.0,5.0,0.0,0.128,0.0,0.0,0.019,0.0,41.0,0.0,30.9,13.1,16.5,18.8,18.0,100.0,20.7,100.0,57.6,2.866,28.534000000000002,88.334,43.3,100.0,37.135,53.486000000000004,35.756,112.21,196.84,82.0,100.0,Arizona,Arizona,Arizona,Arizona,Arizona,Arizona,Arizona,Arizona,Arizona,Arizona,Arizona,Arizona,Arizona,Arizona,Arizona,Arizona,Arizona,Arizona,Arizona,Arizona,Arizona
CA,13.80578575520338,8.90150849723125,4.9830437273248105,5.405193813251832,4.796085545159469,35.397148176436964,9.733607026923796,52.18033827545831,26.654802367767793,2.251874928394138,7.4659498732201985,5.665377782078573,14.741157372039734,30.10098949780415,9.780484437655172,5.324530456368154,3.430140347527213,41.9000217681878,0.6849276530416428,80.47660874546496,32.271909490166095,2.0,5.6,1.0,0.7,0.4,0.0,0.8,0.0,5.3,0.34600000000000003,0.0,0.0,3.6,0.0,0.0,0.0,0.0,0.011000000000000001,0.0,42.0,0.0,36.4,13.7,16.9,22.9,17.9,100.0,25.5,100.0,57.3,4.908,29.054000000000002,87.594,42.7,100.0,100.0,40.784,38.468,584.904,203.11,157.0,100.0,California,California,California,California,California,California,California,California,California,California,California,California,California,California,California,California,California,California,California,California,California
CO,16.056871345029244,9.458040935672509,4.7497076023391855,5.8336257309941475,4.447514619883041,32.583100877192976,7.315643274853811,56.69731176470592,24.715058479532168,1.5158216374268927,7.288308823529404,9.224882962962965,13.629970760233926,29.90666228070176,10.434711988304098,5.480795321637428,3.176545321637427,20.12026461988303,0.784045588235294,86.37573099415205,28.391602339181286,7.0,7.4,1.8,0.8,0.6,0.0,1.0,0.0,7.0,0.259,0.5579999999999999,0.0,5.0,0.0,0.0,0.0,0.0,0.015,0.0,43.0,0.0,41.5,13.7,14.2,17.9,14.1,100.0,19.1,100.0,50.5,4.577,28.851999999999997,88.512,38.1,100.0,23.169,35.869,34.32,98.18700000000001,118.065,131.0,100.0,Colorado,Colorado,Colorado,Colorado,Colorado,Colorado,Colorado,Colorado,Colorado,Colorado,Colorado,Colorado,Colorado,Colorado,Colorado,Colorado,Colorado,Colorado,Colorado,Colorado,Colorado
CT,17.58409090909091,10.998636363636368,6.342272727272728,5.466818181818182,5.499090909090914,42.53547272727273,10.809999999999999,60.757281818181774,30.317272727272712,2.2078909090909136,3.1020409090909116,0.0,16.813181818181807,27.08835,9.078259090909091,4.910381818181817,3.2286818181818178,33.78569545454544,1.4037201834862387,92.48181818181818,41.34251818181816,8.2,8.1,1.7,0.8,0.8,0.0,1.7,28.480999999999998,8.8,1.093,0.207,0.0,4.9,0.0,0.273,0.0,0.0,1.936,0.0,89.0,0.0,30.9,15.4,14.1,9.6,13.8,100.0,23.9,86.15700000000001,47.9,4.4,19.173,0.0,35.1,100.0,20.302,19.762,23.101999999999997,148.686,152.019,95.0,100.0,Connecticut,Connecticut,Connecticut,Connecticut,Connecticut,Connecticut,Connecticut,Connecticut,Connecticut,Connecticut,Connecticut,Connecticut,Connecticut,Connecticut,Connecticut,Connecticut,Connecticut,Connecticut,Connecticut,Connecticut,Connecticut
DC,17.19157303370788,10.269662921348312,5.366292134831458,4.947191011235955,4.447191011235955,34.4639606741573,9.154494382022474,31.12403370786519,29.933707865168532,2.122511235955058,9.69493258426967,3.838988764044944,8.75955056179775,27.57296629213483,8.781561797752808,5.111769662921348,3.0488595505617995,71.03531460674158,0.08541807909604521,118.0,33.91857303370786,7.9,7.5,2.1,1.0,1.1,0.0,1.7,0.0,8.8,1.8359999999999999,4.1,0.0,3.4,0.0,0.0,0.0,0.0,8.308,0.0,118.0,0.0,36.5,15.3,11.7,10.5,13.0,97.35700000000001,17.5,52.763999999999996,45.8,2.282,25.21,87.21600000000001,19.8,100.0,21.359,15.937000000000001,22.515,250.61700000000002,15.119000000000002,118.0,77.13,District of Columbia,District of Columbia,District of Columbia,District of Columbia,District of Columbia,District of Columbia,District of Columbia,District of Columbia,District of Columbia,District of Columbia,District of Columbia,District of Columbia,District of Columbia,District of Columbia,District of Columbia,District of Columbia,District of Columbia,District of Columbia,District of Columbia,District of Columbia,District of Columbia
DE,22.733333333333334,12.070833333333335,8.108333333333333,5.6125,6.3,56.54599999999999,14.045833333333334,63.300875,39.75833333333333,2.5510000000000015,2.9222499999999996,10.52225,19.25833333333333,28.96929166666666,9.53375,5.243,2.970375,47.390125000000005,1.6526956521739131,83.0,57.40720833333333,10.8,8.9,4.2,2.8,3.8,31.197,6.0,47.949,24.9,2.551,1.153,0.0,6.6,4.449,3.98,1.2930000000000001,0.0,4.106,0.0,83.0,25.046999999999997,35.4,14.6,12.8,9.0,9.5,85.869,22.4,79.343,52.0,2.551,5.013,66.686,33.5,64.794,19.191,12.699000000000002,6.537999999999999,106.54299999999999,38.012,83.0,91.85,Delaware,Delaware,Delaware,Delaware,Delaware,Delaware,Delaware,Delaware,Delaware,Delaware,Delaware,Delaware,Delaware,Delaware,Delaware,Delaware,Delaware,Delaware,Delaware,Delaware,Delaware
FL,19.185935085007724,8.755950540958251,8.219938176197836,6.310973724884081,6.892735703245746,53.524251159196275,11.4967542503864,52.27948425196851,33.59528593508508,3.2371723338485316,7.785292913385826,8.175948778565797,23.797913446676965,39.81849922720252,11.535982225656891,7.127523956723334,4.719227975270484,23.702912673879492,0.9415412130637637,79.73106646058733,50.80921251931987,5.1,5.8,1.5,0.8,0.6,0.0,1.1,4.133,7.8,0.517,0.405,0.0,8.7,0.0,0.0,0.0,0.0,0.172,0.0,38.0,0.0,37.9,14.4,20.4,19.8,20.9,100.0,30.9,100.0,67.2,6.421,28.461,88.617,52.4,100.0,32.404,35.578,37.589,290.526,204.537,149.0,100.0,Florida,Florida,Florida,Florida,Florida,Florida,Florida,Florida,Florida,Florida,Florida,Florida,Florida,Florida,Florida,Florida,Florida,Florida,Florida,Florida,Florida
GA,19.839639639639636,9.89662162162162,7.084684684684688,5.464639639639644,5.900225225225227,46.732889639639644,11.955630630630631,50.86609234234235,34.02860360360359,3.213279279279278,5.1350180180180205,4.955020547945203,22.033783783783793,28.059745495495495,9.771159909909905,5.269621621621628,3.051216216216217,13.059200450450447,1.3641350114416475,98.38513513513513,46.93150450450446,7.7,6.3,1.8,0.9,1.0,0.0,1.9,2.987,9.4,0.9490000000000001,0.198,0.0,7.8,0.0,0.156,0.0,0.0,0.045,0.0,21.0,0.0,38.3,14.5,14.8,12.2,13.7,100.0,26.5,99.28299999999999,55.8,6.577999999999999,28.846,87.256,45.3,100.0,22.750999999999998,18.302,15.981,96.66,113.125,128.0,100.0,Georgia,Georgia,Georgia,Georgia,Georgia,Georgia,Georgia,Georgia,Georgia,Georgia,Georgia,Georgia,Georgia,Georgia,Georgia,Georgia,Georgia,Georgia,Georgia,Georgia,Georgia
HI,13.564806866952784,8.850214592274675,3.7231759656652366,5.400429184549351,4.349785407725318,40.402175965665236,10.963090128755363,58.634734782608724,30.03948497854076,1.5209914163090137,3.323330434782608,1.73343347639485,9.04334763948498,42.342660944206,11.419536480686697,6.779875536480683,5.397227467811162,46.65274248927038,0.601695652173913,91.0,32.948034334763946,6.6,6.5,1.5,0.9,0.5,0.0,1.1,5.9270000000000005,9.4,0.35100000000000003,0.0,0.0,4.4,0.0,0.0,0.0,0.0,0.025,0.0,91.0,0.0,30.0,13.1,8.3,10.9,8.5,100.0,21.1,83.93700000000001,43.0,1.742,27.778000000000002,81.242,22.2,100.0,25.465,26.939,35.0,342.531,71.83800000000001,91.0,70.354,Hawaii,Hawaii,Hawaii,Hawaii,Hawaii,Hawaii,Hawaii,Hawaii,Hawaii,Hawaii,Hawaii,Hawaii,Hawaii,Hawaii,Hawaii,Hawaii,Hawaii,Hawaii,Hawaii,Hawaii,Hawaii
IA,20.24157894736842,9.694736842105257,6.444210526315793,6.26052631578947,5.738947368421051,42.581689473684214,9.56736842105263,43.59632748538011,29.86368421052632,3.7978654970760335,2.440505263157894,9.661521505376344,11.433157894736842,32.479615789473684,10.135931578947371,5.438173684210531,3.679589473684208,12.953468421052632,3.0805744680851066,90.09473684210526,41.348884210526315,9.3,8.0,3.2,1.5,1.9,0.0,3.2,20.514,13.9,2.812,0.359,0.0,4.6,2.8569999999999998,0.866,0.6920000000000001,0.0,0.124,0.0,61.0,3.321,32.6,12.9,12.2,10.5,12.1,84.116,20.8,62.006,48.1,6.102,8.315,80.05,27.1,100.0,18.987000000000002,12.5,16.158,76.622,148.782,172.0,87.5,Iowa,Iowa,Iowa,Iowa,Iowa,Iowa,Iowa,Iowa,Iowa,Iowa,Iowa,Iowa,Iowa,Iowa,Iowa,Iowa,Iowa,Iowa,Iowa,Iowa,Iowa
ID,14.717910447761193,9.459701492537315,5.052238805970148,6.202985074626866,5.053731343283583,37.433298507462695,7.841791044776119,61.74889552238808,27.556716417910447,2.367850746268655,2.698925373134329,11.733283582089557,15.482089552238806,32.023820895522384,10.590970149253735,5.981805970149253,3.263194029850747,13.10228358208955,0.5469090909090909,80.46268656716418,33.032298507462684,8.5,8.3,3.0,2.9,3.0,14.962,5.0,43.457,19.0,0.8809999999999999,0.573,0.0,7.8,7.922999999999999,4.433,0.42,0.483,0.068,0.0,33.0,14.535,23.0,11.1,8.4,10.9,9.9,75.919,13.5,100.0,41.2,3.435,12.209000000000001,77.8,35.4,67.249,21.041,14.49,9.58,29.98,30.965999999999998,93.0,68.52199999999999,Idaho,Idaho,Idaho,Idaho,Idaho,Idaho,Idaho,Idaho,Idaho,Idaho,Idaho,Idaho,Idaho,Idaho,Idaho,Idaho,Idaho,Idaho,Idaho,Idaho,Idaho
IL,18.437509727626452,9.446225680933859,6.558910505836581,5.3129961089494175,5.429961089494165,41.5798108949417,10.991517509727634,39.51856347256346,31.30817120622569,3.012918287937761,9.42386977886978,4.738459288537554,16.73821011673153,28.94273463035019,9.610912062256805,5.322589883268476,3.17930038910506,52.182554863813266,0.6690031250000001,92.92062256809338,41.50985680933853,5.0,6.7,1.3,0.9,0.3,0.0,0.9,0.0,7.2,0.85,0.2,0.0,5.2,0.0,0.0,0.0,0.0,0.092,0.0,37.0,0.0,35.6,14.9,17.5,20.4,15.9,100.0,26.5,100.0,59.0,4.937,29.052,86.26100000000001,43.3,100.0,27.805999999999997,21.403000000000002,30.416999999999998,1016.337,155.621,132.0,100.0,Illinois,Illinois,Illinois,Illinois,Illinois,Illinois,Illinois,Illinois,Illinois,Illinois,Illinois,Illinois,Illinois,Illinois,Illinois,Illinois,Illinois,Illinois,Illinois,Illinois,Illinois
IN,23.46984435797664,11.096498054474702,8.749027237354086,6.021011673151747,6.844552529182882,54.62569649805445,12.585408560311276,55.98302339181292,35.667704280155625,2.7471498054474703,3.6767231968810914,1.9865341130604293,15.293968871595332,29.844955252918286,10.108850194552533,5.299428015564205,3.502782101167318,12.873118677042795,1.7780882352941176,80.7295719844358,55.41572568093383,9.9,8.1,2.8,0.8,0.9,0.0,1.7,26.904,10.7,1.445,0.337,0.0,5.6,0.0,0.0,0.0,0.0,0.044000000000000004,0.0,55.0,0.0,38.9,15.5,15.9,14.7,15.3,100.0,29.0,81.804,59.4,4.455,19.264,88.256,32.0,100.0,23.76,76.471,21.982,46.908,177.262,142.0,100.0,Indiana,Indiana,Indiana,Indiana,Indiana,Indiana,Indiana,Indiana,Indiana,Indiana,Indiana,Indiana,Indiana,Indiana,Indiana,Indiana,Indiana,Indiana,Indiana,Indiana,Indiana
KS,19.621548821548824,9.50707070707071,6.396632996632995,6.1020202020202,5.83838383838384,46.05855555555558,10.959595959595948,57.78482312925169,32.4441077441077,2.7524444444444467,3.8039489795918326,7.412155405405404,18.187205387205392,31.141936026936005,10.479996632996622,5.355905723905726,3.4851784511784496,12.03613804713804,2.388135135135135,84.26936026936026,44.27722222222223,6.8,7.4,2.5,1.0,1.4,2.194,2.8,5.877999999999999,13.4,0.879,0.25,0.0,7.0,0.0,0.0,0.069,0.096,0.18600000000000003,0.0,42.0,0.604,33.4,14.2,12.9,12.1,13.0,100.0,26.7,100.0,57.5,4.8919999999999995,27.293000000000003,85.415,44.8,100.0,21.504,13.515,17.863,47.093999999999994,176.24400000000003,120.0,100.0,Kansas,Kansas,Kansas,Kansas,Kansas,Kansas,Kansas,Kansas,Kansas,Kansas,Kansas,Kansas,Kansas,Kansas,Kansas,Kansas,Kansas,Kansas,Kansas,Kansas,Kansas
KY,22.358015267175567,10.700381679389308,9.142748091603053,6.4022900763358805,7.019847328244272,54.64870610687025,11.53931297709924,31.72480534351147,37.44618320610687,3.6012824427480985,4.964221374045803,5.27223076923077,9.559160305343507,32.477061068702305,11.115251908396944,5.653851145038169,3.646572519083971,15.348251908396946,0.48796124031007754,104.76335877862596,56.78350000000001,9.6,8.3,3.6,0.9,1.4,0.608,2.5,0.0,14.9,1.7730000000000001,1.123,0.0,3.3,0.0,0.16,0.096,0.0,0.155,0.0,96.0,4.169,42.2,16.2,17.2,13.7,15.4,100.0,23.7,52.165,58.2,5.789,25.346,69.637,23.8,95.044,28.34,16.334,12.815999999999999,46.01,116.891,124.0,100.0,Kentucky,Kentucky,Kentucky,Kentucky,Kentucky,Kentucky,Kentucky,Kentucky,Kentucky,Kentucky,Kentucky,Kentucky,Kentucky,Kentucky,Kentucky,Kentucky,Kentucky,Kentucky,Kentucky,Kentucky,Kentucky
LA,22.968834688346885,9.97669376693767,8.109214092140927,5.784281842818428,6.850406504065037,55.80831165311656,13.822222222222221,43.83815489130436,40.13062330623309,3.1803631436314443,5.281567934782608,0.1103821138211382,15.188346883468835,31.151569105691053,11.25107046070461,5.786178861788616,3.4836666666666707,19.014571815718163,0.3801868131868132,95.88346883468834,57.479428184281815,9.5,7.0,3.0,1.2,1.2,0.0,2.1,1.979,12.9,2.0269999999999997,0.273,0.0,4.9,0.0,0.0,0.0,0.0,0.076,0.0,43.0,0.0,45.9,16.1,18.4,10.7,15.2,100.0,30.1,72.423,61.1,4.975,27.026999999999997,20.680999999999997,30.5,93.89299999999999,24.820999999999998,24.639,13.517000000000001,121.712,111.87200000000001,118.0,100.0,Louisiana,Louisiana,Louisiana,Louisiana,Louisiana,Louisiana,Louisiana,Louisiana,Louisiana,Louisiana,Louisiana,Louisiana,Louisiana,Louisiana,Louisiana,Louisiana,Louisiana,Louisiana,Louisiana,Louisiana,Louisiana
MA,17.935743801652883,11.261983471074368,6.306404958677689,5.577685950413227,5.160123966942151,39.275549586776854,9.71136363636363,47.03373695198325,27.390909090909076,2.4594070247933852,2.856797494780795,1.8731570247933893,11.238016528925607,28.91645661157024,9.268971074380161,5.030417355371897,3.3560289256198335,65.18054338842978,0.7189045643153525,112.4607438016529,37.920669421487595,4.3,7.9,1.7,0.8,0.7,0.0,1.4,0.0,7.3,0.8390000000000001,0.327,0.0,2.4,0.0,0.0,0.0,0.0,0.37200000000000005,0.0,52.0,0.0,40.1,15.2,15.6,13.0,14.2,100.0,22.7,94.72399999999999,46.7,3.2910000000000004,21.276999999999997,83.984,35.1,100.0,50.0,15.385,18.972,381.494,154.72,149.0,100.0,Massachusetts,Massachusetts,Massachusetts,Massachusetts,Massachusetts,Massachusetts,Massachusetts,Massachusetts,Massachusetts,Massachusetts,Massachusetts,Massachusetts,Massachusetts,Massachusetts,Massachusetts,Massachusetts,Massachusetts,Massachusetts,Massachusetts,Massachusetts,Massachusetts
MD,22.407537688442225,11.480402010050254,7.440201005025125,5.567839195979901,5.944723618090454,50.13199999999999,12.996482412060297,32.86097989949748,37.08844221105527,3.2606582914572875,8.890688442211054,8.096659793814434,13.097989949748738,29.76783919597991,10.570447236180907,5.129894472361809,3.180482412060303,46.046512562814094,1.784080808080808,97.0,52.067673366834164,8.8,7.7,2.4,1.8,1.5,0.0,2.7,0.0,11.6,3.0189999999999997,2.863,0.0,4.2,1.5290000000000001,0.6659999999999999,0.0,0.0,4.678999999999999,0.0,97.0,0.0,38.4,15.6,14.9,12.6,13.6,100.0,25.9,51.681999999999995,56.7,3.761,27.059,80.513,24.5,100.0,30.706,13.921,20.0,235.175,184.791,97.0,100.0,Maryland,Maryland,Maryland,Maryland,Maryland,Maryland,Maryland,Maryland,Maryland,Maryland,Maryland,Maryland,Maryland,Maryland,Maryland,Maryland,Maryland,Maryland,Maryland,Maryland,Maryland
ME,15.66,10.364999999999998,5.85,6.3199999999999985,4.9799999999999995,35.9336,7.295,30.79265,26.28,2.9516499999999994,1.7252000000000003,9.802299999999999,12.939999999999998,33.44165,10.396200000000002,6.09595,3.4701,29.296150000000004,6.22025,167.0,33.62015,9.9,9.3,4.0,3.7,3.2,15.665,5.3,20.371,20.7,2.9160000000000004,0.8490000000000001,0.0,7.4,3.9530000000000003,5.023,1.942,0.0,1.063,0.0,167.0,18.421,24.7,12.1,8.1,9.5,7.4,63.059,10.2,40.749,33.3,3.6289999999999996,3.843,61.461999999999996,21.9,77.137,18.217,18.985,11.277000000000001,91.447,124.405,167.0,54.703,Maine,Maine,Maine,Maine,Maine,Maine,Maine,Maine,Maine,Maine,Maine,Maine,Maine,Maine,Maine,Maine,Maine,Maine,Maine,Maine,Maine
MI,23.77513812154695,12.295441988950286,8.959668508287297,6.253176795580115,7.529005524861881,57.895895027624356,13.82527624309393,30.02040287769783,38.522790055248606,3.2202790055248576,12.376834532374103,0.0,14.3653314917127,32.76972651933701,11.006129834254159,5.733288674033152,3.9036795580110475,18.139501381215446,0.36955124653739607,87.32872928176796,61.35618370165754,7.0,7.5,2.3,0.9,0.9,0.0,1.4,0.0,8.4,1.7590000000000001,0.371,0.0,4.2,0.0,0.0,0.0,0.0,0.287,0.0,35.0,0.0,50.3,17.5,18.4,13.5,16.3,100.0,29.3,84.63,60.2,4.952,29.034000000000002,0.0,36.5,100.0,30.601999999999997,30.573,17.776,74.443,189.016,174.0,100.0,Michigan,Michigan,Michigan,Michigan,Michigan,Michigan,Michigan,Michigan,Michigan,Michigan,Michigan,Michigan,Michigan,Michigan,Michigan,Michigan,Michigan,Michigan,Michigan,Michigan,Michigan
MN,16.699354838709688,8.184838709677422,4.383870967741934,5.627096774193545,4.656129032258067,27.40561935483871,7.541935483870975,21.0252238267148,23.832258064516147,3.5063309608541,9.803464052287586,4.34041368078176,12.336774193548395,27.15385806451612,9.72860967741935,4.7415258064516115,3.089112903225805,25.891380645161263,2.216483870967742,125.16129032258064,26.902090322580655,7.8,6.6,1.8,1.2,1.4,0.0,2.3,0.0,10.1,2.177,0.0,0.0,5.3,0.0,0.624,0.0,0.0,0.114,0.0,107.0,0.0,29.7,11.7,11.2,13.2,16.6,100.0,18.7,55.451,46.4,5.131,27.443,83.333,26.9,100.0,23.305999999999997,21.333000000000002,23.678,141.388,194.685,227.0,100.0,Minnesota,Minnesota,Minnesota,Minnesota,Minnesota,Minnesota,Minnesota,Minnesota,Minnesota,Minnesota,Minnesota,Minnesota,Minnesota,Minnesota,Minnesota,Minnesota,Minnesota,Minnesota,Minnesota,Minnesota,Minnesota
MO,22.636299765807955,9.921545667447306,8.08173302107728,6.100702576112413,6.396252927400469,48.40193442622951,11.056440281030444,38.319031026252986,31.764402810304446,4.2793207547169825,5.895296208530809,8.901693975903612,17.04941451990633,32.04841686182669,10.67431147540985,5.664538641686182,3.4922177985948477,14.57689227166276,1.6899316037735848,81.33255269320843,48.7066159250585,10.3,7.4,2.8,1.2,1.3,0.499,2.0,0.0,10.8,0.715,0.239,0.0,6.4,0.0,0.536,0.11599999999999999,0.0,0.063,0.0,25.0,0.0,38.3,15.4,15.0,13.9,12.3,100.0,24.1,89.361,52.9,6.707999999999999,23.465999999999998,83.559,36.7,100.0,24.283,22.471999999999998,21.009,55.676,179.972,109.0,100.0,Missouri,Missouri,Missouri,Missouri,Missouri,Missouri,Missouri,Missouri,Missouri,Missouri,Missouri,Missouri,Missouri,Missouri,Missouri,Missouri,Missouri,Missouri,Missouri,Missouri,Missouri
MS,24.053333333333335,11.127999999999998,7.577333333333337,5.466666666666666,6.821333333333333,56.18878666666667,14.59333333333333,44.114783783783786,42.2,4.939586666666667,4.168662162162161,6.909213333333334,22.18,28.50169333333334,9.972199999999997,5.09564,3.072213333333332,7.756293333333333,4.998189189189189,70.24,58.92167999999999,9.8,7.6,2.2,1.0,0.9,0.0,2.2,15.818,14.1,2.918,0.55,0.0,8.3,0.0,0.0,0.0,0.0,0.185,0.0,56.0,0.0,34.2,13.7,13.2,9.7,13.9,100.0,28.6,79.025,61.4,5.78,14.228,83.229,34.0,83.096,19.004,13.205,12.520999999999999,22.221999999999998,185.387,136.0,100.0,Mississippi,Mississippi,Mississippi,Mississippi,Mississippi,Mississippi,Mississippi,Mississippi,Mississippi,Mississippi,Mississippi,Mississippi,Mississippi,Mississippi,Mississippi,Mississippi,Mississippi,Mississippi,Mississippi,Mississippi,Mississippi
MT,18.08837209302326,9.416279069767443,5.776744186046513,6.899999999999999,5.351162790697674,38.38397674418604,7.183720930232559,47.56218604651162,25.139534883720934,3.606674418604651,0.6147674418604651,10.497904761904762,11.451162790697673,35.12886046511628,11.344697674418608,6.0206279069767445,3.8538604651162793,10.773395348837205,5.362395348837208,88.97674418604652,34.28123255813953,12.3,8.4,3.4,3.1,2.5,8.725,3.5,42.576,14.1,3.1910000000000003,0.071,0.0,7.5,12.367,3.861,2.115,0.32799999999999996,0.047,0.0,86.0,5.831,27.4,11.1,8.3,13.7,10.9,79.543,11.0,54.765,39.7,3.853,3.3089999999999997,72.072,18.5,100.0,17.846,10.552999999999999,18.864,27.967,88.818,94.0,75.19,Montana,Montana,Montana,Montana,Montana,Montana,Montana,Montana,Montana,Montana,Montana,Montana,Montana,Montana,Montana,Montana,Montana,Montana,Montana,Montana,Montana
NC,17.39672774869109,9.821204188481664,6.226963350785347,5.540837696335081,4.976047120418851,40.52244764397907,9.7140052356021,55.9458418972332,31.310340314136095,2.5395223097113027,4.641153745072271,7.465343461030381,17.726570680628257,27.86879057591625,9.654034031413602,5.165172774869109,3.0006282722513076,10.358916230366491,0.6868705416116249,89.92277486910994,38.95763350785342,7.5,6.7,1.6,0.8,0.6,0.0,1.0,6.104,8.8,0.7559999999999999,0.171,0.0,6.4,0.0,0.0,0.0,0.0,0.17300000000000001,0.0,23.0,0.0,32.2,14.9,13.5,17.5,16.7,100.0,23.4,100.0,65.1,6.096,28.986,83.884,43.1,100.0,26.726999999999997,16.664,16.563,57.035,190.418,143.0,100.0,North Carolina,North Carolina,North Carolina,North Carolina,North Carolina,North Carolina,North Carolina,North Carolina,North Carolina,North Carolina,North Carolina,North Carolina,North Carolina,North Carolina,North Carolina,North Carolina,North Carolina,North Carolina,North Carolina,North Carolina,North Carolina
ND,18.535999999999998,8.544,4.684,5.5,4.732,30.75316,7.299999999999999,27.5506,25.631999999999998,4.896,1.7778399999999999,0.2516,10.268000000000002,29.731480000000005,9.57328,4.568360000000001,3.85752,15.927880000000002,2.33628,102.0,28.877999999999997,12.4,7.6,2.0,1.3,1.1,0.0,2.1,19.585,10.4,4.896,0.163,0.0,5.9,0.0,2.9019999999999997,0.6459999999999999,0.10099999999999999,1.159,0.0,102.0,0.0,23.9,9.7,6.7,7.8,6.4,48.043,9.4,33.155,31.2,4.896,3.802,6.29,14.4,53.96,19.303,8.283999999999999,8.658999999999999,38.674,58.407,102.0,43.218999999999994,North Dakota,North Dakota,North Dakota,North Dakota,North Dakota,North Dakota,North Dakota,North Dakota,North Dakota,North Dakota,North Dakota,North Dakota,North Dakota,North Dakota,North Dakota,North Dakota,North Dakota,North Dakota,North Dakota,North Dakota,North Dakota
NE,17.324766355140184,8.664018691588778,5.392056074766354,5.949065420560746,5.350000000000001,37.874724299065406,9.459345794392526,39.00209478672986,28.607943925233638,3.5871455399061065,5.741278301886789,11.210695238095242,15.310747663551398,30.12259813084112,9.919616822429907,5.075285046728974,3.3592850467289694,16.33936448598132,0.7584857142857142,95.39719626168224,36.39807009345793,8.4,7.1,2.4,0.9,0.8,0.0,1.4,0.0,7.8,1.847,0.862,0.0,6.6,0.0,0.0,0.0,0.0,0.079,0.0,68.0,0.0,30.7,12.0,11.1,11.5,11.1,87.64200000000001,24.1,69.40100000000001,51.8,4.652,24.236,88.42,39.4,100.0,20.971999999999998,14.786,26.666999999999998,65.736,134.311,109.0,93.985,Nebraska,Nebraska,Nebraska,Nebraska,Nebraska,Nebraska,Nebraska,Nebraska,Nebraska,Nebraska,Nebraska,Nebraska,Nebraska,Nebraska,Nebraska,Nebraska,Nebraska,Nebraska,Nebraska,Nebraska,Nebraska
NH,18.517021276595745,11.11276595744681,7.174468085106384,6.736170212765956,5.7659574468085095,46.20644680851064,9.255319148936168,59.57968085106385,28.759574468085102,2.3647659574468083,1.5439574468085104,2.817222222222222,12.487234042553188,34.695808510638294,10.781617021276597,5.437276595744681,4.252638297872339,23.060787234042543,4.254148936170212,86.0,42.99595744680851,11.2,9.5,3.8,4.2,3.1,20.019000000000002,6.0,52.641000000000005,20.8,1.038,0.672,0.0,7.0,5.622999999999999,4.499,1.117,0.44799999999999995,4.7780000000000005,0.0,86.0,17.939,26.6,12.7,11.9,9.4,10.2,89.43700000000001,14.2,71.895,37.8,2.6719999999999997,4.645,62.593999999999994,22.8,86.208,25.846999999999998,11.99,14.134,75.607,156.955,86.0,76.50399999999999,New Hampshire,New Hampshire,New Hampshire,New Hampshire,New Hampshire,New Hampshire,New Hampshire,New Hampshire,New Hampshire,New Hampshire,New Hampshire,New Hampshire,New Hampshire,New Hampshire,New Hampshire,New Hampshire,New Hampshire,New Hampshire,New Hampshire,New Hampshire,New Hampshire
NJ,20.857236842105262,9.99276315789473,6.863815789473681,4.599013157894735,5.803947368421055,45.746006578947345,13.778289473684215,51.756665540540546,34.56875000000001,2.955625,10.513689189189186,2.9787441860465114,23.318421052631578,23.28206249999999,8.429036184210517,4.46856578947368,2.394582236842104,88.87095723684212,0.32857094594594594,69.4407894736842,47.51705263157893,8.7,5.7,1.3,2.0,1.0,0.0,2.5,0.0,13.1,1.6909999999999998,0.7140000000000001,0.0,6.7,0.0,0.0,0.0,0.0,0.20199999999999999,0.0,50.0,0.0,35.2,14.2,13.5,8.3,11.1,93.25399999999999,24.5,89.46700000000001,53.1,3.72,27.896,78.986,42.9,66.17399999999999,17.567999999999998,12.345999999999998,9.293,371.05800000000005,62.982,102.0,100.0,New Jersey,New Jersey,New Jersey,New Jersey,New Jersey,New Jersey,New Jersey,New Jersey,New Jersey,New Jersey,New Jersey,New Jersey,New Jersey,New Jersey,New Jersey,New Jersey,New Jersey,New Jersey,New Jersey,New Jersey,New Jersey
NM,16.634951456310684,9.816504854368931,5.3276699029126195,6.2155339805825225,5.2873786407767,40.75001456310679,9.000970873786411,56.63928155339807,26.699514563106803,2.0700048543689324,3.617538834951459,2.596397058823529,13.868446601941754,37.95127184466021,12.271640776699027,7.284218446601944,4.255873786407765,14.817499999999999,2.9320000000000004,96.09223300970874,35.286305825242714,6.9,7.8,2.8,2.1,2.2,5.0089999999999995,3.1,18.535,12.4,1.8319999999999999,0.22899999999999998,0.0,4.7,0.0,0.8220000000000001,0.0,0.0,0.040999999999999995,0.0,60.0,3.142,29.6,12.2,8.6,16.1,9.9,100.0,17.8,84.20100000000001,37.4,3.804,17.312,42.461999999999996,29.0,100.0,33.164,23.622,48.81399999999999,47.534,144.189,106.0,70.521,New Mexico,New Mexico,New Mexico,New Mexico,New Mexico,New Mexico,New Mexico,New Mexico,New Mexico,New Mexico,New Mexico,New Mexico,New Mexico,New Mexico,New Mexico,New Mexico,New Mexico,New Mexico,New Mexico,New Mexico,New Mexico
NV,19.78022284122562,10.052367688022287,7.125626740947083,5.922005571030639,5.75292479108635,45.04953481894149,10.148467966573813,61.404745762711926,30.380501392757655,1.989445682451257,8.779584745762712,2.157323033707865,17.968523676880206,31.100665738161574,11.445125348189407,7.001635097493035,3.3346155988857924,22.629278551532025,1.3618851540616246,59.76323119777159,43.02554317548746,8.7,8.4,3.0,0.7,1.0,0.0,1.6,19.090999999999998,10.8,0.912,2.483,0.0,6.3,0.0,0.0,0.625,0.0,0.085,0.0,55.0,0.0,32.5,14.8,13.7,17.5,14.1,100.0,19.9,87.205,54.0,4.041,28.883000000000003,76.85600000000001,45.0,100.0,43.398,45.763999999999996,36.56,75.88600000000001,152.195,74.0,100.0,Nevada,Nevada,Nevada,Nevada,Nevada,Nevada,Nevada,Nevada,Nevada,Nevada,Nevada,Nevada,Nevada,Nevada,Nevada,Nevada,Nevada,Nevada,Nevada,Nevada,Nevada
NY,17.005573637103325,10.040398698128548,5.921887713588279,5.459845402766471,5.597843775427182,42.37849715215612,11.182465419039861,44.13384915043517,29.174857607811273,2.969057363710354,8.861019892250297,2.805664446294755,15.80679414157848,34.47424613506908,10.238196501220505,5.7865362082994265,3.8003624898291246,177.74591985353973,0.28856845965770167,78.5073230268511,39.901293327908895,5.7,6.6,1.3,0.8,0.4,0.0,0.9,0.0,6.0,1.7409999999999999,0.846,0.0,3.9,0.0,0.0,0.0,0.0,0.013000000000000001,0.0,57.0,0.0,40.8,16.6,23.8,18.8,35.8,100.0,39.5,81.343,70.3,3.8819999999999997,28.906999999999996,87.883,37.6,100.0,100.0,30.340999999999998,52.83,1006.355,181.99099999999999,139.0,100.0,New York,New York,New York,New York,New York,New York,New York,New York,New York,New York,New York,New York,New York,New York,New York,New York,New York,New York,New York,New York,New York
OH,25.81254567600485,11.120341047503038,9.470401948842895,5.876492082825819,7.513641900121798,56.944158343483544,14.41498172959805,27.7978608058608,36.739829476248495,4.264202192448215,6.560560439560437,6.052917293233083,13.946894031668686,30.730624847746604,10.605845310596848,5.207925700365406,3.5060937880633385,19.279454323995118,1.9345067650676508,102.41656516443362,60.51774299634594,10.4,7.4,2.4,0.9,1.1,0.0,2.0,0.0,9.5,2.435,0.978,0.0,4.3,0.0,0.0,0.0,0.0,0.6579999999999999,0.0,66.0,0.0,44.1,17.8,22.8,15.7,21.3,100.0,36.1,61.15,64.5,6.37,28.0,87.96,29.9,100.0,28.043000000000003,19.535,30.653000000000002,113.264,197.94299999999998,140.0,100.0,Ohio,Ohio,Ohio,Ohio,Ohio,Ohio,Ohio,Ohio,Ohio,Ohio,Ohio,Ohio,Ohio,Ohio,Ohio,Ohio,Ohio,Ohio,Ohio,Ohio,Ohio
OK,20.242516268980467,10.48026030368763,7.942299349240789,6.182863340563989,6.613015184381777,50.36313449023859,11.542733188720185,39.72115454545455,35.877223427331906,3.8188481561822076,6.78712272727273,5.7554847161572065,17.76767895878526,29.136325379609545,10.236978308026016,5.334531453362258,3.199449023861171,11.357305856832962,1.205201754385965,86.79609544468546,52.10020607375271,9.4,8.1,1.9,1.0,1.0,0.0,2.2,0.0,13.6,0.324,0.365,0.0,6.4,0.0,0.0,0.0,0.0,0.01,0.0,21.0,0.0,41.6,14.3,17.1,11.8,15.7,100.0,26.2,91.022,59.7,5.185,25.989,88.40299999999999,45.8,100.0,26.484,14.808,26.326999999999998,48.408,107.59200000000001,112.0,100.0,Oklahoma,Oklahoma,Oklahoma,Oklahoma,Oklahoma,Oklahoma,Oklahoma,Oklahoma,Oklahoma,Oklahoma,Oklahoma,Oklahoma,Oklahoma,Oklahoma,Oklahoma,Oklahoma,Oklahoma,Oklahoma,Oklahoma,Oklahoma,Oklahoma
OR,17.14553571428571,10.380059523809523,5.122321428571433,6.068154761904767,4.874404761904762,35.524142857142834,7.833928571428577,51.042274626865684,25.746428571428584,1.808020833333332,4.1296776119403,6.465991017964074,12.146428571428576,30.939985119047634,11.167654761904762,5.551705357142856,3.290520833333336,22.506154761904764,1.5597327327327326,114.04464285714286,32.142738095238094,8.8,8.3,2.0,1.4,1.4,0.0,2.2,0.0,10.4,0.784,0.23,0.0,5.3,0.0,1.485,0.5529999999999999,0.0,0.005,0.0,59.0,0.0,35.9,13.1,11.5,12.4,11.6,97.20700000000001,15.9,96.118,43.0,2.6319999999999997,24.682,78.156,32.9,100.0,23.699,14.854000000000001,16.722,134.808,160.045,143.0,86.887,Oregon,Oregon,Oregon,Oregon,Oregon,Oregon,Oregon,Oregon,Oregon,Oregon,Oregon,Oregon,Oregon,Oregon,Oregon,Oregon,Oregon,Oregon,Oregon,Oregon,Oregon
PA,23.59746031746031,11.18047619047619,7.443015873015874,5.969841269841269,6.771269841269841,51.46125714285714,12.559206349206347,45.23744019138756,33.53492063492064,3.7818809523809493,3.3621897926634765,4.0537228525121565,13.300793650793647,32.68455714285716,10.231147619047618,5.474549206349205,3.8581714285714304,59.17479682539687,0.13797431781701444,78.45238095238095,51.587142857142894,9.3,7.9,1.8,0.8,1.1,0.0,1.8,0.0,10.8,1.808,0.233,0.0,3.9,0.0,0.0,0.0,0.0,0.045,0.0,64.0,0.0,44.8,16.3,20.2,18.7,18.6,100.0,26.6,92.54,56.4,5.638999999999999,24.45,82.124,35.3,100.0,41.667,18.042,39.923,318.471,56.067,110.0,100.0,Pennsylvania,Pennsylvania,Pennsylvania,Pennsylvania,Pennsylvania,Pennsylvania,Pennsylvania,Pennsylvania,Pennsylvania,Pennsylvania,Pennsylvania,Pennsylvania,Pennsylvania,Pennsylvania,Pennsylvania,Pennsylvania,Pennsylvania,Pennsylvania,Pennsylvania,Pennsylvania,Pennsylvania
RI,17.923469387755105,12.1234693877551,7.097959183673469,6.446938775510205,5.767346938775509,47.00192857142855,10.029591836734692,46.03157142857143,32.075510204081624,2.643683673469389,5.732704081632653,1.016612244897959,12.458163265306126,33.39432653061223,10.63237755102041,5.556846938775508,4.056673469387754,31.488959183673483,0.0,92.42857142857143,45.7277551020408,7.3,9.6,3.1,2.0,1.8,2.512,3.0,11.42,13.3,2.188,2.69,0.0,3.8,3.949,2.8339999999999996,0.121,0.364,2.512,0.0,83.0,2.1069999999999998,26.1,15.0,15.4,10.7,12.8,100.0,21.0,67.817,48.3,3.755,14.436,33.26,25.5,87.87100000000001,21.109,14.475,12.094000000000001,83.574,0.0,95.0,100.0,Rhode Island,Rhode Island,Rhode Island,Rhode Island,Rhode Island,Rhode Island,Rhode Island,Rhode Island,Rhode Island,Rhode Island,Rhode Island,Rhode Island,Rhode Island,Rhode Island,Rhode Island,Rhode Island,Rhode Island,Rhode Island,Rhode Island,Rhode Island,Rhode Island
SC,18.222155688622763,9.959880239520963,5.935928143712573,5.486227544910179,5.134730538922152,42.59203592814369,10.976047904191617,47.80573053892217,33.57604790419164,3.149664670658684,4.257491017964071,2.7359272727272725,16.132335329341323,28.82885029940119,10.508982035928142,5.516652694610782,3.1083952095808387,10.350502994011975,1.2538,94.62275449101796,41.83416766467065,8.5,7.6,1.8,0.9,0.7,0.0,1.7,11.623,11.8,0.6779999999999999,0.501,0.0,6.6,0.0,0.0,0.0,0.0,0.16699999999999998,0.0,34.0,0.0,45.5,14.4,15.3,11.3,12.3,96.725,25.9,100.0,59.1,3.753,13.684000000000001,65.762,38.5,89.88799999999999,23.945,18.755,10.394,52.985,206.877,125.0,100.0,South Carolina,South Carolina,South Carolina,South Carolina,South Carolina,South Carolina,South Carolina,South Carolina,South Carolina,South Carolina,South Carolina,South Carolina,South Carolina,South Carolina,South Carolina,South Carolina,South Carolina,South Carolina,South Carolina,South Carolina,South Carolina
SD,18.88928571428571,8.53392857142857,4.82142857142857,6.389285714285714,5.558928571428569,38.49801785714285,8.59285714285714,40.69401785714287,28.887499999999992,4.007107142857139,1.4441249999999999,13.217374999999995,11.555357142857144,33.552392857142856,10.760500000000002,5.37244642857143,3.6936607142857154,10.851089285714286,4.084763636363636,93.64285714285714,35.77946428571428,10.7,7.2,2.6,3.2,2.2,5.1,4.0,12.357999999999999,16.5,3.219,0.431,0.0,6.0,4.497,3.1260000000000003,1.401,0.20800000000000002,0.254,0.0,85.0,5.492000000000001,29.5,10.4,7.7,10.1,8.1,73.932,12.9,56.299,38.4,4.753,3.5989999999999998,85.13799999999999,18.5,91.119,20.434,12.812000000000001,12.276,28.576999999999998,113.57,167.0,57.988,South Dakota,South Dakota,South Dakota,South Dakota,South Dakota,South Dakota,South Dakota,South Dakota,South Dakota,South Dakota,South Dakota,South Dakota,South Dakota,South Dakota,South Dakota,South Dakota,South Dakota,South Dakota,South Dakota,South Dakota,South Dakota
TN,22.977299412915837,10.807827788649709,8.324070450097853,5.844031311154597,6.353620352250493,52.07975929549904,12.457142857142856,48.52651176470592,36.53013698630136,3.6494677103718214,4.298854901960786,5.9041507936507935,19.597260273972598,28.06968101761254,10.07118199608611,5.034984344422697,3.0910097847358164,10.96976908023483,0.770589641434263,88.45792563600783,53.546211350293575,5.2,7.5,2.5,0.9,0.7,0.0,1.5,6.462999999999999,9.9,0.802,0.18600000000000003,0.0,7.0,0.0,0.0,0.0,0.0,0.04,0.0,42.0,0.0,46.1,16.9,21.6,21.1,16.6,100.0,31.4,100.0,61.9,5.825,24.862,86.79899999999999,38.4,99.324,24.331,17.535999999999998,17.212,48.106,161.862,114.0,100.0,Tennessee,Tennessee,Tennessee,Tennessee,Tennessee,Tennessee,Tennessee,Tennessee,Tennessee,Tennessee,Tennessee,Tennessee,Tennessee,Tennessee,Tennessee,Tennessee,Tennessee,Tennessee,Tennessee,Tennessee,Tennessee
TX,17.025937183383938,8.51155015197567,5.427524484971284,5.113576494427564,5.441911516379595,41.162387369132034,11.793110435663651,69.96121737649058,31.19199594731502,2.6791091216216167,5.4034707084468625,6.2042628532516115,27.556973995271868,25.037640999662298,8.884044917257672,4.695261735900026,2.716699763593376,18.50051435325906,1.0898939857288479,66.73083417764269,39.40714184397165,4.5,5.6,1.3,0.7,0.5,0.0,1.5,0.0,9.4,0.42700000000000005,0.0,0.0,7.5,0.0,0.0,0.0,0.0,0.004,0.0,10.0,0.0,40.7,13.6,17.8,21.3,19.6,100.0,30.3,100.0,63.9,6.346,29.037,88.305,57.8,100.0,41.935,43.548,20.42,235.72799999999998,197.11599999999999,99.0,100.0,Texas,Texas,Texas,Texas,Texas,Texas,Texas,Texas,Texas,Texas,Texas,Texas,Texas,Texas,Texas,Texas,Texas,Texas,Texas,Texas,Texas
UT,10.929613733905578,9.297424892703855,4.23519313304721,5.210729613733905,4.221030042918459,27.629729613733886,7.1806866952789745,68.7471931330472,22.9733905579399,1.6200128755364809,6.258927038626615,5.852995708154503,16.731330472102993,22.534214592274694,8.308158798283266,4.43066094420601,2.3875708154506445,20.743892703862652,0.5871502145922747,60.52360515021459,24.050888412017173,4.8,7.2,2.0,0.9,0.9,0.0,1.6,7.496,8.0,1.003,0.504,0.0,6.6,0.0,0.0,0.0,0.0,0.053,0.0,40.0,0.0,19.7,11.7,7.6,12.0,10.0,93.34899999999999,13.7,100.0,38.6,2.653,27.715,74.51,36.9,100.0,20.123,18.764,14.409,126.014,122.348,74.0,69.344,Utah,Utah,Utah,Utah,Utah,Utah,Utah,Utah,Utah,Utah,Utah,Utah,Utah,Utah,Utah,Utah,Utah,Utah,Utah,Utah,Utah
VA,19.457114228456902,10.225651302605206,6.634068136272548,5.8539078156312625,5.395591182364729,45.435693386773515,11.220040080160306,55.96890524193548,32.57274549098198,2.3783386773547055,5.166639112903229,5.757936734693879,14.882965931863735,29.782953907815646,10.328591182364725,5.335987975951906,3.289070140280563,19.15487174348699,2.297171370967742,80.47895791583166,44.18629258517032,7.9,7.7,1.8,1.0,0.7,0.0,1.6,16.382,9.9,0.491,0.11599999999999999,0.0,5.1,0.0,0.0,0.0,0.0,0.065,0.0,43.0,0.0,38.5,17.0,15.3,13.7,12.2,100.0,26.7,87.682,54.7,4.879,26.125,87.96799999999999,33.8,100.0,24.689,19.215999999999998,25.573,231.47099999999998,206.16400000000002,121.0,100.0,Virginia,Virginia,Virginia,Virginia,Virginia,Virginia,Virginia,Virginia,Virginia,Virginia,Virginia,Virginia,Virginia,Virginia,Virginia,Virginia,Virginia,Virginia,Virginia,Virginia,Virginia
VT,15.054545454545455,11.163636363636364,4.918181818181819,4.909090909090908,4.381818181818182,26.15645454545454,5.790909090909091,27.428727272727272,20.918181818181814,2.6989999999999994,0.8740909090909091,12.017818181818182,9.727272727272727,28.97572727272728,8.160454545454545,4.760454545454546,3.3683636363636364,29.354818181818178,0.0,181.0,23.545090909090906,12.3,10.3,2.7,1.9,1.5,0.0,2.1,23.585,9.6,2.699,0.496,0.0,7.3,3.528,2.86,1.389,0.546,6.602,0.0,181.0,0.0,20.2,12.4,6.7,8.4,6.7,57.836999999999996,8.4,30.774,29.6,2.699,1.395,55.577,12.7,77.089,14.556,8.696,9.471,85.09299999999999,0.0,181.0,44.641999999999996,Vermont,Vermont,Vermont,Vermont,Vermont,Vermont,Vermont,Vermont,Vermont,Vermont,Vermont,Vermont,Vermont,Vermont,Vermont,Vermont,Vermont,Vermont,Vermont,Vermont,Vermont
WA,14.61391650099403,10.079721669980122,5.51908548707753,6.1958250497017975,5.024453280318091,37.49843538767398,8.44691848906561,54.04045924453281,26.736182902584492,2.004874751491053,3.5944691848906514,5.108641434262947,10.717693836978132,30.973391650099387,10.38987276341948,5.503111332007954,3.4608986083499005,25.08152882703783,1.219046370967742,95.16500994035785,34.223238568588464,4.9,6.9,2.1,0.8,0.9,0.0,1.8,15.392999999999999,8.6,0.7759999999999999,0.0,0.0,4.6,0.0,0.207,0.0,0.0,0.149,0.0,51.0,0.0,29.7,13.5,17.5,19.5,19.7,100.0,23.4,95.439,60.3,4.628,25.735,71.704,35.3,100.0,22.326,16.201,18.033,223.041,186.145,118.0,100.0,Washington,Washington,Washington,Washington,Washington,Washington,Washington,Washington,Washington,Washington,Washington,Washington,Washington,Washington,Washington,Washington,Washington,Washington,Washington,Washington,Washington
WI,20.343999999999998,10.716749999999998,5.609999999999998,5.449000000000001,5.20675,37.10198250000003,9.077000000000005,38.16331725888325,29.5445,3.5289175000000115,7.631461928934012,6.905469696969695,13.865499999999995,26.267317500000004,9.4960375,4.424587499999998,2.945875000000001,28.379897500000038,2.9076315789473686,81.6675,37.01791,7.8,7.0,1.4,0.8,0.9,0.0,1.6,0.0,9.3,1.903,0.344,0.0,4.4,0.0,0.0,0.0,0.0,0.36700000000000005,0.0,12.0,0.0,34.7,15.4,11.4,20.5,14.4,100.0,21.0,87.249,55.1,5.308,28.570999999999998,81.766,35.9,100.0,26.551,15.164000000000001,27.443,263.317,209.862,140.0,100.0,Wisconsin,Wisconsin,Wisconsin,Wisconsin,Wisconsin,Wisconsin,Wisconsin,Wisconsin,Wisconsin,Wisconsin,Wisconsin,Wisconsin,Wisconsin,Wisconsin,Wisconsin,Wisconsin,Wisconsin,Wisconsin,Wisconsin,Wisconsin,Wisconsin
WV,22.404545454545453,11.268181818181818,11.190909090909091,7.436363636363635,8.595454545454544,72.61877272727274,15.095454545454544,38.59490909090909,44.02272727272727,2.780727272727272,2.0220000000000002,4.289857142857143,10.813636363636364,42.370727272727265,14.712409090909093,7.431590909090909,4.574090909090909,8.663681818181816,2.951681818181818,135.0,73.93922727272728,12.3,9.2,6.8,4.0,5.2,46.231,9.6,32.574,34.2,2.6630000000000003,0.679,0.0,5.4,17.98,6.061,5.114,0.639,0.353,0.0,135.0,42.998999999999995,33.5,13.5,16.4,9.6,12.4,100.0,22.8,45.525,54.3,4.12,4.73,37.125,16.0,84.766,23.084,10.655999999999999,12.719000000000001,27.962,64.937,135.0,100.0,West Virginia,West Virginia,West Virginia,West Virginia,West Virginia,West Virginia,West Virginia,West Virginia,West Virginia,West Virginia,West Virginia,West Virginia,West Virginia,West Virginia,West Virginia,West Virginia,West Virginia,West Virginia,West Virginia,West Virginia,West Virginia
WY,18.687499999999996,9.65,6.1187499999999995,6.612500000000001,5.51875,45.423312499999994,8.537500000000001,73.64275,29.893750000000004,1.9469999999999994,0.48087500000000005,8.627062500000001,16.318749999999998,37.87050000000001,11.268437500000001,6.2395625,4.3938125,8.55925,2.4020625,74.0,39.534625,12.3,8.7,4.3,4.2,3.3,24.861,5.0,66.459,20.8,1.9469999999999998,0.213,0.0,9.8,16.697,5.959,2.888,0.5760000000000001,0.034,0.0,74.0,17.457,26.3,10.9,7.0,9.0,6.7,67.113,10.3,82.546,33.1,1.9469999999999998,1.115,77.377,23.9,87.35,18.468,9.81,11.422,18.396,38.433,74.0,48.118,Wyoming,Wyoming,Wyoming,Wyoming,Wyoming,Wyoming,Wyoming,Wyoming,Wyoming,Wyoming,Wyoming,Wyoming,Wyoming,Wyoming,Wyoming,Wyoming,Wyoming,Wyoming,Wyoming,Wyoming,Wyoming
